bulletin_date,age_range,female,female_pct,male,male_pct,cases,cases_pct
2020-04-24,< 10,7,1.6,9,2.0,16,1.8
2020-04-24,10-19,21,4.9,11,2.4,32,3.6
2020-04-24,20-29,65,15.2,57,12.7,122,13.9
2020-04-24,30-39,71,16.6,67,14.9,138,15.7
2020-04-24,40-49,70,16.3,91,20.3,161,18.3
2020-04-24,50-59,96,22.4,93,20.7,189,21.5
2020-04-24,60-69,59,13.8,66,14.7,125,14.2
2020-04-24,70-79,21,4.9,36,8.0,57,6.5
2020-04-24,≥ 80,19,4.4,19,4.2,38,4.3
2020-04-24,Total,429,100.0,449,100.0,878,100.0
2020-04-25,< 10,7,1.6,10,2.2,17,1.9
2020-04-25,10-19,21,4.8,12,2.6,33,3.7
2020-04-25,20-29,67,15.4,58,12.7,125,14.0
2020-04-25,30-39,71,16.3,67,14.7,138,15.5
2020-04-25,40-49,72,16.6,93,20.4,165,18.5
2020-04-25,50-59,97,22.3,95,20.8,192,21.5
2020-04-25,60-69,59,13.6,66,14.5,125,14.0
2020-04-25,70-79,21,4.8,36,7.9,57,6.4
2020-04-25,≥ 80,20,4.6,19,4.2,39,4.4
2020-04-25,Total,435,100.0,456,100.0,891,100.0
2020-04-26,< 10,7,1.6,10,2.2,17,1.9
2020-04-26,10-19,21,4.8,12,2.6,33,3.7
2020-04-26,20-29,68,15.6,58,12.7,126,14.1
2020-04-26,30-39,72,16.5,67,14.6,139,15.5
2020-04-26,40-49,74,16.9,93,20.3,167,18.7
2020-04-26,50-59,96,22.0,96,21.0,192,21.5
2020-04-26,60-69,58,13.3,66,14.4,124,13.9
2020-04-26,70-79,21,4.8,37,8.1,58,6.5
2020-04-26,≥ 80,20,4.6,19,4.1,39,4.4
2020-04-26,Total,437,100.0,458,100.0,895,100.0
2020-04-27,< 10,7,1.6,10,2.2,17,1.9
2020-04-27,10-19,20,4.6,12,2.6,32,3.6
2020-04-27,20-29,68,15.5,58,12.7,126,14.0
2020-04-27,30-39,72,16.4,68,14.8,140,15.6
2020-04-27,40-49,76,17.3,93,20.3,169,18.8
2020-04-27,50-59,97,22.1,96,21.0,193,21.5
2020-04-27,60-69,58,13.2,66,14.4,124,13.8
2020-04-27,70-79,21,4.8,37,8.1,58,6.5
2020-04-27,≥ 80,20,4.6,18,3.9,38,4.2
2020-04-27,No disponible,1,,,,1,
2020-04-27,Total,440,100.0,458,100.0,898,100.0
2020-04-28,< 10,7,1.6,10,2.2,17,1.9
2020-04-28,10-19,21,4.7,12,2.6,33,3.7
2020-04-28,20-29,68,15.3,59,12.8,127,14.1
2020-04-28,30-39,72,16.3,68,14.8,140,15.5
2020-04-28,40-49,76,17.2,94,20.4,170,18.8
2020-04-28,50-59,99,22.3,96,20.9,195,21.6
2020-04-28,60-69,58,13.1,66,14.3,124,13.7
2020-04-28,70-79,22,5.0,37,8.0,59,6.5
2020-04-28,≥ 80,20,4.5,18,3.9,38,4.2
2020-04-28,No disponible,1,,,,1,
2020-04-28,Total,444,100.0,460,100.0,904,100.0
2020-04-29,< 10,8,1.7,11,2.2,19,2.0
2020-04-29,10-19,23,5.0,17,3.5,40,4.2
2020-04-29,20-29,72,15.5,63,12.9,135,14.2
2020-04-29,30-39,75,16.2,76,15.5,151,15.8
2020-04-29,40-49,79,17.0,99,20.2,178,18.7
2020-04-29,50-59,105,22.6,101,20.7,206,21.6
2020-04-29,60-69,59,12.7,67,13.7,126,13.2
2020-04-29,70-79,23,5.0,37,7.6,60,6.3
2020-04-29,≥ 80,20,4.3,18,3.7,38,4.0
2020-04-29,No disponible,2,,,,2,
2020-04-29,Total,466,100.0,489,100.0,955,100.0
2020-04-30,< 10,8,1.7,11,2.2,19,2.0
2020-04-30,10-19,23,4.9,17,3.4,40,4.2
2020-04-30,20-29,72,15.4,64,12.9,136,14.1
2020-04-30,30-39,76,16.3,79,15.9,155,16.1
2020-04-30,40-49,78,16.7,101,20.4,179,18.6
2020-04-30,50-59,106,22.7,102,20.6,208,21.6
2020-04-30,60-69,59,12.6,67,13.5,126,13.1
2020-04-30,70-79,25,5.4,37,7.5,62,6.4
2020-04-30,≥ 80,20,4.3,18,3.6,38,3.9
2020-04-30,No disponible,1,,,,1,
2020-04-30,Total,468,100.0,496,100.0,964,100.0
2020-05-01,< 10,9,1.9,11,2.2,20,2.1
2020-05-01,10-19,22,4.7,18,3.6,40,4.1
2020-05-01,20-29,73,15.4,64,12.8,137,14.1
2020-05-01,30-39,76,16.1,78,15.6,154,15.8
2020-05-01,40-49,79,16.7,101,20.2,180,18.5
2020-05-01,50-59,108,22.8,104,20.8,212,21.8
2020-05-01,60-69,61,12.9,67,13.4,128,13.2
2020-05-01,70-79,25,5.3,37,7.4,62,6.4
2020-05-01,≥ 80,20,4.2,19,3.8,39,4.0
2020-05-01,No disponible,1,,,,1,
2020-05-01,Total,474,100.0,499,100.0,973,100.0
2020-05-02,< 10,9,1.9,11,2.2,20,2.0
2020-05-02,10-19,23,4.8,19,3.7,42,4.3
2020-05-02,20-29,74,15.4,66,13.0,140,14.2
2020-05-02,30-39,76,15.9,81,15.9,157,15.9
2020-05-02,40-49,83,17.3,103,20.3,186,18.8
2020-05-02,50-59,108,22.5,104,20.5,212,21.5
2020-05-02,60-69,61,12.7,68,13.4,129,13.1
2020-05-02,70-79,25,5.2,37,7.3,62,6.3
2020-05-02,≥ 80,20,4.2,19,3.7,39,4.0
2020-05-02,No disponible,1,,,,1,
2020-05-02,Total,480,100.0,508,100.0,988,100.0
2020-05-03,< 10,10,2.0,11,2.1,21,2.1
2020-05-03,10-19,26,5.3,19,3.7,45,4.5
2020-05-03,20-29,75,15.4,66,12.9,141,14.1
2020-05-03,30-39,78,16.0,82,16.0,160,16.0
2020-05-03,40-49,84,17.2,103,20.1,187,18.7
2020-05-03,50-59,108,22.1,106,20.7,214,21.4
2020-05-03,60-69,62,12.7,69,13.5,131,13.1
2020-05-03,70-79,25,5.1,37,7.2,62,6.2
2020-05-03,≥ 80,20,4.1,19,3.7,39,3.9
2020-05-03,No disponible,1,,,,1,
2020-05-03,Total,489,100.0,512,100.0,1001,100.0
2020-05-04,< 10,12,2.4,11,2.1,23,2.3
2020-05-04,10-19,25,5.1,20,3.9,45,4.5
2020-05-04,20-29,75,15.3,66,12.8,141,14.0
2020-05-04,30-39,78,15.9,82,16.0,160,15.9
2020-05-04,40-49,84,17.1,104,20.2,188,18.7
2020-05-04,50-59,109,22.2,106,20.6,215,21.4
2020-05-04,60-69,62,12.7,69,13.4,131,13.0
2020-05-04,70-79,25,5.1,37,7.2,62,6.2
2020-05-04,≥ 80,20,4.1,19,3.7,39,3.9
2020-05-04,No disponible,1,,,,1,
2020-05-04,Total,491,100.0,514,100.0,1005,100.0
2020-05-05,< 10,12,2.4,11,2.1,23,2.3
2020-05-05,10-19,25,5.1,20,3.9,45,4.5
2020-05-05,20-29,75,15.3,66,12.8,141,14.0
2020-05-05,30-39,79,16.1,82,16.0,161,16.0
2020-05-05,40-49,84,17.1,104,20.2,188,18.7
2020-05-05,50-59,109,22.2,106,20.6,215,21.4
2020-05-05,60-69,62,12.6,69,13.4,131,13.0
2020-05-05,70-79,25,5.1,37,7.2,62,6.2
2020-05-05,≥ 80,20,4.1,19,3.7,39,3.9
2020-05-05,No disponible,1,,,,1,
2020-05-05,Total,492,100.0,514,100.0,1006,100.0
2020-05-06,< 10,12,2.4,11,2.1,23,2.3
2020-05-06,10-19,26,5.3,20,3.9,46,4.5
2020-05-06,20-29,75,15.2,68,13.1,143,14.1
2020-05-06,30-39,80,16.2,82,15.8,162,16.0
2020-05-06,40-49,85,17.2,105,20.3,190,18.8
2020-05-06,50-59,109,22.1,107,20.7,216,21.3
2020-05-06,60-69,62,12.6,69,13.3,131,12.9
2020-05-06,70-79,25,5.1,37,7.1,62,6.1
2020-05-06,≥ 80,20,4.0,19,3.7,39,3.9
2020-05-06,No disponible,1,,,,1,
2020-05-06,Total,495,100.0,518,100.0,1013,100.0
2020-05-07,< 10,12,2.4,11,2.1,23,2.2
2020-05-07,10-19,26,5.1,22,4.2,48,4.7
2020-05-07,20-29,79,15.6,69,13.2,148,14.4
2020-05-07,30-39,83,16.4,82,15.7,165,16.1
2020-05-07,40-49,85,16.8,107,20.5,192,18.7
2020-05-07,50-59,110,21.8,107,20.5,217,21.1
2020-05-07,60-69,63,12.5,69,13.2,132,12.8
2020-05-07,70-79,27,5.3,37,7.1,64,6.2
2020-05-07,≥ 80,20,4.0,19,3.6,39,3.8
2020-05-07,No disponible,1,,,,1,
2020-05-07,Total,506,100.0,523,100.0,1029,100.0
2020-05-08,< 10,12,2.4,11,2.1,23,2.2
2020-05-08,10-19,26,5.1,21,4.0,47,4.5
2020-05-08,20-29,79,15.5,70,13.4,149,14.4
2020-05-08,30-39,85,16.7,82,15.6,167,16.2
2020-05-08,40-49,86,16.9,107,20.4,193,18.7
2020-05-08,50-59,110,21.6,107,20.4,217,21.0
2020-05-08,60-69,64,12.6,70,13.4,134,13.0
2020-05-08,70-79,27,5.3,37,7.1,64,6.2
2020-05-08,≥ 80,20,3.9,19,3.6,39,3.8
2020-05-08,No disponible,1,,,,1,
2020-05-08,Total,510,100.0,524,100.0,1034,100.0
2020-05-09,< 10,12,2.3,12,2.3,24,2.3
2020-05-09,10-19,26,5.1,21,4.0,47,4.5
2020-05-09,20-29,79,15.4,70,13.3,149,14.3
2020-05-09,30-39,86,16.7,82,15.6,168,16.2
2020-05-09,40-49,86,16.7,107,20.4,193,18.6
2020-05-09,50-59,114,22.2,107,20.4,221,21.3
2020-05-09,60-69,64,12.5,70,13.3,134,12.9
2020-05-09,70-79,27,5.3,37,7.0,64,6.2
2020-05-09,≥ 80,20,3.9,19,3.6,39,3.8
2020-05-09,No disponible,1,,,,1,
2020-05-09,Total,515,100.0,525,100.0,1040,100.0
2020-05-10,< 10,12,2.3,12,2.3,24,2.3
2020-05-10,10-19,26,5.0,22,4.1,48,4.6
2020-05-10,20-29,79,15.1,70,13.2,149,14.1
2020-05-10,30-39,87,16.7,82,15.4,169,16.0
2020-05-10,40-49,86,16.5,108,20.3,194,18.4
2020-05-10,50-59,116,22.2,109,20.5,225,21.3
2020-05-10,60-69,67,12.8,71,13.3,138,13.1
2020-05-10,70-79,29,5.6,38,7.1,67,6.4
2020-05-10,≥ 80,20,3.8,20,3.8,40,3.8
2020-05-10,Total,522,100.0,532,100.0,1054,100.0
2020-05-11,< 10,12,2.3,12,2.2,24,2.3
2020-05-11,10-19,26,5.0,22,4.1,48,4.5
2020-05-11,20-29,79,15.0,70,13.0,149,14.0
2020-05-11,30-39,88,16.8,84,15.6,172,16.2
2020-05-11,40-49,87,16.6,110,20.5,197,18.5
2020-05-11,50-59,116,22.1,110,20.5,226,21.3
2020-05-11,60-69,67,12.8,71,13.2,138,13.0
2020-05-11,70-79,29,5.5,38,7.1,67,6.3
2020-05-11,≥ 80,21,4.0,20,3.7,41,3.9
2020-05-11,Total,525,100.0,537,100.0,1062,100.0
2020-05-12,< 10,12,2.3,12,2.2,24,2.3
2020-05-12,10-19,26,5.0,22,4.1,48,4.5
2020-05-12,20-29,79,15.0,71,13.2,150,14.1
2020-05-12,30-39,88,16.8,84,15.6,172,16.2
2020-05-12,40-49,87,16.6,111,20.6,198,18.6
2020-05-12,50-59,116,22.1,110,20.4,226,21.2
2020-05-12,60-69,67,12.8,71,13.2,138,13.0
2020-05-12,70-79,29,5.5,38,7.1,67,6.3
2020-05-12,≥ 80,21,4.0,20,3.7,41,3.9
2020-05-12,Total,525,100.0,539,100.0,1064,100.0
2020-05-13,< 10,12,2.3,12,2.2,24,2.2
2020-05-13,10-19,26,4.9,22,4.0,48,4.5
2020-05-13,20-29,79,15.0,73,13.4,152,14.2
2020-05-13,30-39,89,16.9,85,15.6,174,16.2
2020-05-13,40-49,88,16.7,113,20.7,201,18.7
2020-05-13,50-59,116,22.0,111,20.4,227,21.2
2020-05-13,60-69,68,12.9,71,13.0,139,13.0
2020-05-13,70-79,29,5.5,38,7.0,67,6.2
2020-05-13,≥ 80,21,4.0,20,3.7,41,3.8
2020-05-13,Total,528,100.0,545,100.0,1073,100.0
2020-05-14,< 10,12,2.2,12,2.2,24,2.2
2020-05-14,10-19,27,5.0,22,4.0,49,4.5
2020-05-14,20-29,80,14.9,73,13.3,153,14.1
2020-05-14,30-39,91,16.9,87,15.8,178,16.4
2020-05-14,40-49,89,16.5,114,20.7,203,18.7
2020-05-14,50-59,119,22.1,113,20.5,232,21.3
2020-05-14,60-69,70,13.0,71,12.9,141,13.0
2020-05-14,70-79,29,5.4,38,6.9,67,6.2
2020-05-14,≥ 80,21,3.9,20,3.6,41,3.8
2020-05-14,Total,538,100.0,550,100.0,1088,100.0
2020-05-15,< 10,12,2.2,11,1.9,23,2.1
2020-05-15,10-19,27,4.9,23,4.1,50,4.5
2020-05-15,20-29,80,14.6,79,14.0,159,14.3
2020-05-15,30-39,89,16.2,90,15.9,179,16.1
2020-05-15,40-49,94,17.2,113,20.0,207,18.6
2020-05-15,50-59,124,22.6,115,20.4,239,21.5
2020-05-15,60-69,72,13.1,74,13.1,146,13.1
2020-05-15,70-79,29,5.3,38,6.7,67,6.0
2020-05-15,≥ 80,21,3.8,22,3.9,43,3.9
2020-05-15,No disponible,1,,,,1,
2020-05-15,Total,549,100.0,565,100.0,1114,100.0
2020-05-16,< 10,12,2.1,11,1.9,23,2.0
2020-05-16,10-19,28,5.0,26,4.5,54,4.7
2020-05-16,20-29,82,14.5,81,13.9,163,14.2
2020-05-16,30-39,94,16.6,93,16.0,187,16.3
2020-05-16,40-49,98,17.3,114,19.6,212,18.5
2020-05-16,50-59,126,22.3,118,20.3,244,21.3
2020-05-16,60-69,74,13.1,75,12.9,149,13.0
2020-05-16,70-79,30,5.3,41,7.0,71,6.2
2020-05-16,≥ 80,21,3.7,23,4.0,44,3.8
2020-05-16,Total,565,100.0,582,100.0,1147,100.0
2020-05-17,< 10,13,2.2,11,1.8,24,2.0
2020-05-17,10-19,31,5.3,28,4.6,59,5.0
2020-05-17,20-29,82,14.1,83,13.6,165,13.9
2020-05-17,30-39,97,16.7,101,16.6,198,16.6
2020-05-17,40-49,102,17.6,121,19.8,223,18.7
2020-05-17,50-59,129,22.2,122,20.0,251,21.1
2020-05-17,60-69,75,12.9,76,12.5,151,12.7
2020-05-17,70-79,30,5.2,44,7.2,74,6.2
2020-05-17,≥ 80,21,3.6,24,3.9,45,3.8
2020-05-17,No disponible,4,,1,,5,
2020-05-17,Total,584,100.0,611,100.0,1195,100.0
2020-05-18,< 10,13,2.2,11,1.8,24,2.0
2020-05-18,10-19,31,5.3,28,4.5,59,4.9
2020-05-18,20-29,82,14.0,83,13.4,165,13.7
2020-05-18,30-39,98,16.8,103,16.7,201,16.7
2020-05-18,40-49,103,17.6,121,19.6,224,18.6
2020-05-18,50-59,130,22.3,125,20.2,255,21.2
2020-05-18,60-69,76,13.0,78,12.6,154,12.8
2020-05-18,70-79,30,5.1,45,7.3,75,6.2
2020-05-18,≥ 80,21,3.6,24,3.9,45,3.7
2020-05-18,No disponible,4,,1,,5,
2020-05-18,Total,588,100.0,619,100.0,1207,100.0
2020-05-19,< 10,14,2.4,11,1.8,25,2.1
2020-05-19,10-19,31,5.3,28,4.5,59,4.9
2020-05-19,20-29,82,14.0,83,13.5,165,13.7
2020-05-19,30-39,98,16.8,102,16.5,200,16.6
2020-05-19,40-49,103,17.6,121,19.6,224,18.6
2020-05-19,50-59,130,22.2,125,20.3,255,21.2
2020-05-19,60-69,76,13.0,78,12.6,154,12.8
2020-05-19,70-79,30,5.1,45,7.3,75,6.2
2020-05-19,≥ 80,21,3.6,24,3.9,45,3.7
2020-05-19,No disponible,3,,1,,4,
2020-05-19,Total,588,100.0,618,100.0,1206,100.0
2020-05-20,< 10,13,2.2,11,1.8,24,2.0
2020-05-20,10-19,31,5.3,28,4.5,59,4.9
2020-05-20,20-29,84,14.3,83,13.4,167,13.8
2020-05-20,30-39,98,16.6,103,16.6,201,16.6
2020-05-20,40-49,103,17.5,122,19.7,225,18.6
2020-05-20,50-59,130,22.1,124,20.0,254,21.0
2020-05-20,60-69,78,13.2,80,12.9,158,13.1
2020-05-20,70-79,31,5.3,45,7.3,76,6.3
2020-05-20,≥ 80,21,3.6,24,3.9,45,3.7
2020-05-20,No disponible,3,,1,,4,
2020-05-20,Total,592,100.0,621,100.0,1213,100.0
2020-05-21,< 10,13,2.2,11,1.8,24,2.0
2020-05-21,10-19,31,5.2,28,4.5,59,4.8
2020-05-21,20-29,86,14.4,84,13.5,170,14.0
2020-05-21,30-39,101,16.9,103,16.6,204,16.8
2020-05-21,40-49,103,17.3,122,19.6,225,18.5
2020-05-21,50-59,131,22.0,125,20.1,256,21.0
2020-05-21,60-69,79,13.3,79,12.7,158,13.0
2020-05-21,70-79,31,5.2,45,7.2,76,6.2
2020-05-21,≥ 80,21,3.5,24,3.9,45,3.7
2020-05-21,No disponible,3,,1,,4,
2020-05-21,Total,599,100.0,622,100.0,1221,100.0
2020-05-22,< 10,13,2.2,11,1.8,24,2.0
2020-05-22,10-19,31,5.1,28,4.5,59,4.8
2020-05-22,20-29,86,14.3,84,13.4,170,13.9
2020-05-22,30-39,101,16.8,104,16.6,205,16.7
2020-05-22,40-49,104,17.3,122,19.5,226,18.4
2020-05-22,50-59,132,21.9,126,20.2,258,21.0
2020-05-22,60-69,82,13.6,80,12.8,162,13.2
2020-05-22,70-79,31,5.1,47,7.5,78,6.4
2020-05-22,≥ 80,22,3.7,23,3.7,45,3.7
2020-05-22,No disponible,2,,1,,3,
2020-05-22,Total,604,100.0,626,100.0,1230,100.0
2020-05-23,< 10,13,2.2,11,1.8,24,2.0
2020-05-23,10-19,31,5.1,28,4.5,59,4.8
2020-05-23,20-29,86,14.3,84,13.4,170,13.9
2020-05-23,30-39,101,16.8,104,16.6,205,16.7
2020-05-23,40-49,104,17.3,122,19.5,226,18.4
2020-05-23,50-59,132,21.9,126,20.2,258,21.0
2020-05-23,60-69,82,13.6,80,12.8,162,13.2
2020-05-23,70-79,31,5.1,47,7.5,78,6.4
2020-05-23,≥ 80,22,3.7,23,3.7,45,3.7
2020-05-23,No disponible,2,,1,,3,
2020-05-23,Total,604,100.0,626,100.0,1230,100.0
2020-05-24,< 10,13,2.1,11,1.7,24,1.9
2020-05-24,10-19,30,4.9,28,4.4,58,4.7
2020-05-24,20-29,89,14.6,87,13.8,176,14.2
2020-05-24,30-39,102,16.7,104,16.5,206,16.6
2020-05-24,40-49,104,17.1,123,19.5,227,18.3
2020-05-24,50-59,134,22.0,127,20.2,261,21.1
2020-05-24,60-69,82,13.5,80,12.7,162,13.1
2020-05-24,70-79,32,5.3,47,7.5,79,6.4
2020-05-24,≥ 80,23,3.8,23,3.7,46,3.7
2020-05-24,No disponible,0,,1,,1,
2020-05-24,Total,609,100.0,631,100.0,1240,100.0
2020-05-25,< 10,13,2.1,11,1.7,24,1.9
2020-05-25,10-19,30,4.9,28,4.4,58,4.7
2020-05-25,20-29,90,14.8,87,13.8,177,14.3
2020-05-25,30-39,102,16.7,104,16.5,206,16.6
2020-05-25,40-49,104,17.0,123,19.5,227,18.3
2020-05-25,50-59,134,22.0,127,20.2,261,21.0
2020-05-25,60-69,82,13.4,80,12.7,162,13.1
2020-05-25,70-79,32,5.2,47,7.5,79,6.4
2020-05-25,≥ 80,23,3.8,23,3.7,46,3.7
2020-05-25,No disponible,0,,1,,1,
2020-05-25,Total,610,100.0,631,100.0,1241,100.0
2020-05-26,< 10,14,2.3,12,1.9,26,2.1
2020-05-26,10-19,30,4.9,28,4.4,58,4.6
2020-05-26,20-29,91,14.7,89,13.9,180,14.3
2020-05-26,30-39,102,16.5,106,16.6,208,16.5
2020-05-26,40-49,107,17.3,125,19.5,232,18.5
2020-05-26,50-59,134,21.7,127,19.8,261,20.8
2020-05-26,60-69,84,13.6,81,12.7,165,13.1
2020-05-26,70-79,32,5.2,49,7.7,81,6.4
2020-05-26,≥ 80,23,3.7,23,3.6,46,3.7
2020-05-26,No disponible,1,,2,,3,
2020-05-26,Total,618,100.0,642,100.0,1260,100.0
2020-05-27,< 10,14,2.2,12,1.8,26,2.0
2020-05-27,10-19,30,4.8,29,4.4,59,4.6
2020-05-27,20-29,91,14.6,89,13.6,180,14.1
2020-05-27,30-39,102,16.3,107,16.4,209,16.4
2020-05-27,40-49,108,17.3,127,19.4,235,18.4
2020-05-27,50-59,138,22.1,131,20.1,269,21.1
2020-05-27,60-69,85,13.6,83,12.7,168,13.2
2020-05-27,70-79,33,5.3,51,7.8,84,6.6
2020-05-27,≥ 80,23,3.7,24,3.7,47,3.7
2020-05-27,No disponible,1,,2,,3,
2020-05-27,Total,625,100.0,655,100.0,1280,100.0
2020-05-28,< 10,14,2.2,12,1.8,26,2.0
2020-05-28,10-19,31,4.9,29,4.4,60,4.7
2020-05-28,20-29,91,14.4,90,13.7,181,14.0
2020-05-28,30-39,102,16.2,109,16.5,211,16.4
2020-05-28,40-49,108,17.1,129,19.6,237,18.4
2020-05-28,50-59,139,22.0,131,19.9,270,20.9
2020-05-28,60-69,90,14.3,83,12.6,173,13.4
2020-05-28,70-79,33,5.2,52,7.9,85,6.6
2020-05-28,≥ 80,23,3.6,24,3.6,47,3.6
2020-05-28,No disponible,1,,2,,3,
2020-05-28,Total,632,100.0,661,100.0,1293,100.0
2020-05-29,< 10,15,2.4,12,1.8,27,2.1
2020-05-29,10-19,31,4.9,29,4.4,60,4.6
2020-05-29,20-29,94,14.8,90,13.6,184,14.2
2020-05-29,30-39,102,16.0,110,16.6,212,16.3
2020-05-29,40-49,109,17.1,129,19.5,238,18.3
2020-05-29,50-59,139,21.9,133,20.1,272,21.0
2020-05-29,60-69,91,14.3,82,12.4,173,13.3
2020-05-29,70-79,33,5.2,53,8.0,86,6.6
2020-05-29,≥ 80,22,3.5,24,3.6,46,3.5
2020-05-29,No disponible,,,2,,2,
2020-05-29,Total,636,100.0,664,100.0,1300,100.0
2020-05-30,< 10,15,2.4,13,2.0,28,2.2
2020-05-30,10-19,31,4.9,29,4.4,60,4.6
2020-05-30,20-29,95,14.9,90,13.6,185,14.2
2020-05-30,30-39,102,16.0,110,16.6,212,16.3
2020-05-30,40-49,109,17.1,130,19.6,239,18.4
2020-05-30,50-59,139,21.8,133,20.0,272,20.9
2020-05-30,60-69,92,14.4,82,12.3,174,13.4
2020-05-30,70-79,33,5.2,53,8.0,86,6.6
2020-05-30,≥ 80,22,3.4,24,3.6,46,3.5
2020-05-30,No disponible,,,2,,2,
2020-05-30,Total,638,100.0,666,100.0,1304,100.0
2020-05-31,< 10,15,2.3,13,2.0,28,2.2
2020-05-31,10-19,31,4.9,30,4.5,61,4.7
2020-05-31,20-29,95,14.9,89,13.4,184,14.1
2020-05-31,30-39,102,16.0,111,16.7,213,16.4
2020-05-31,40-49,109,17.1,129,19.5,238,18.3
2020-05-31,50-59,139,21.8,133,20.1,272,20.9
2020-05-31,60-69,92,14.4,82,12.4,174,13.4
2020-05-31,70-79,33,5.2,52,7.8,85,6.5
2020-05-31,≥ 80,23,3.6,24,3.6,47,3.6
2020-05-31,No disponible,,,2,,2,
2020-05-31,Total,639,100.0,665,100.0,1304,100.0
2020-06-01,< 10,15,2.3,13,2.0,28,2.1
2020-06-01,10-19,31,4.9,30,4.5,61,4.7
2020-06-01,20-29,95,14.9,89,13.4,184,14.1
2020-06-01,30-39,102,16.0,111,16.7,213,16.3
2020-06-01,40-49,109,17.1,129,19.4,238,18.3
2020-06-01,50-59,139,21.8,133,20.0,272,20.9
2020-06-01,60-69,92,14.4,83,12.5,175,13.4
2020-06-01,70-79,33,5.2,52,7.8,85,6.5
2020-06-01,≥ 80,23,3.6,24,3.6,47,3.6
2020-06-01,No disponible,,,2,,2,
2020-06-01,Total,639,100.0,666,100.0,1305,100.0
2020-06-02,< 10,15,2.3,13,2.0,28,2.1
2020-06-02,10-19,31,4.8,30,4.5,61,4.7
2020-06-02,20-29,96,14.9,89,13.4,185,14.1
2020-06-02,30-39,104,16.1,111,16.7,215,16.4
2020-06-02,40-49,110,17.1,131,19.7,241,18.4
2020-06-02,50-59,140,21.7,133,20.0,273,20.8
2020-06-02,60-69,92,14.3,83,12.5,175,13.4
2020-06-02,70-79,33,5.1,52,7.8,85,6.5
2020-06-02,≥ 80,23,3.6,24,3.6,47,3.6
2020-06-02,No disponible,1,,2,,3,
2020-06-02,Total,645,100.0,668,100.0,1313,100.0
2020-06-03,< 10,15,2.3,14,2.1,29,2.2
2020-06-03,10-19,32,5.0,30,4.4,62,4.7
2020-06-03,20-29,96,14.9,90,13.3,186,14.1
2020-06-03,30-39,104,16.1,111,16.4,215,16.3
2020-06-03,40-49,109,16.9,133,19.7,242,18.3
2020-06-03,50-59,140,21.7,135,20.0,275,20.8
2020-06-03,60-69,93,14.4,84,12.4,177,13.4
2020-06-03,70-79,33,5.1,54,8.0,87,6.6
2020-06-03,≥ 80,23,3.6,24,3.6,47,3.6
2020-06-03,No disponible,1,,1,,2,
2020-06-03,Total,646,100.0,676,100.0,1322,100.0
2020-06-04,< 10,15,2.3,14,2.1,29,2.2
2020-06-04,10-19,32,4.9,30,4.4,62,4.7
2020-06-04,20-29,98,15.1,91,13.4,189,14.2
2020-06-04,30-39,107,16.5,112,16.5,219,16.5
2020-06-04,40-49,109,16.8,132,19.5,241,18.1
2020-06-04,50-59,140,21.5,136,20.1,276,20.8
2020-06-04,60-69,93,14.3,84,12.4,177,13.3
2020-06-04,70-79,33,5.1,55,8.1,88,6.6
2020-06-04,≥ 80,23,3.5,24,3.5,47,3.5
2020-06-04,No disponible,1,,1,,2,
2020-06-04,Total,651,100.0,679,100.0,1330,100.0
2020-06-05,< 10,15,2.3,14,2.0,29,2.1
2020-06-05,10-19,35,5.3,33,4.8,68,5.0
2020-06-05,20-29,102,15.3,91,13.2,193,14.2
2020-06-05,30-39,109,16.4,113,16.3,222,16.3
2020-06-05,40-49,111,16.7,135,19.5,246,18.1
2020-06-05,50-59,143,21.5,136,19.7,279,20.5
2020-06-05,60-69,94,14.1,89,12.9,183,13.5
2020-06-05,70-79,34,5.1,56,8.1,90,6.6
2020-06-05,≥ 80,23,3.5,25,3.6,48,3.5
2020-06-05,No disponible,1,,1,,2,
2020-06-05,Total,667,100.0,693,100.0,1360,100.0
2020-06-06,< 10,15,2.2,14,2.0,29,2.1
2020-06-06,10-19,35,5.2,33,4.8,68,5.0
2020-06-06,20-29,102,15.3,92,13.3,194,14.2
2020-06-06,30-39,110,16.5,112,16.1,222,16.3
2020-06-06,40-49,112,16.8,136,19.6,248,18.2
2020-06-06,50-59,143,21.4,136,19.6,279,20.5
2020-06-06,60-69,94,14.1,89,12.8,183,13.4
2020-06-06,70-79,34,5.1,57,8.2,91,6.7
2020-06-06,≥ 80,23,3.4,25,3.6,48,3.5
2020-06-06,No disponible,1,,1,,2,
2020-06-06,Total,669,100.0,695,100.0,1364,100.0
2020-06-07,< 10,15,2.2,14,2.0,29,2.1
2020-06-07,10-19,35,5.2,34,4.9,69,5.0
2020-06-07,20-29,104,15.5,93,13.3,197,14.4
2020-06-07,30-39,110,16.4,112,16.0,222,16.2
2020-06-07,40-49,112,16.7,137,19.6,249,18.2
2020-06-07,50-59,144,21.4,137,19.6,281,20.5
2020-06-07,60-69,95,14.1,90,12.9,185,13.5
2020-06-07,70-79,34,5.1,57,8.2,91,6.6
2020-06-07,≥ 80,23,3.4,25,3.6,48,3.5
2020-06-07,No disponible,1,,1,,2,
2020-06-07,Total,673,100.0,700,100.0,1373,100.0
2020-06-08,< 10,15,2.2,14,2.0,29,2.1
2020-06-08,10-19,36,5.3,34,4.8,70,5.1
2020-06-08,20-29,104,15.3,94,13.3,198,14.3
2020-06-08,30-39,113,16.7,114,16.1,227,16.4
2020-06-08,40-49,114,16.8,140,19.8,254,18.4
2020-06-08,50-59,144,21.2,138,19.5,282,20.4
2020-06-08,60-69,95,14.0,90,12.7,185,13.4
2020-06-08,70-79,34,5.0,57,8.1,91,6.6
2020-06-08,≥ 80,23,3.4,25,3.5,48,3.5
2020-06-08,No disponible,1,,1,,2,
2020-06-08,Total,679,100.0,707,100.0,1386,100.0
2020-06-09,< 10,15,2.2,14,2.0,29,2.1
2020-06-09,10-19,36,5.2,34,4.8,70,5.0
2020-06-09,20-29,107,15.6,96,13.5,203,14.5
2020-06-09,30-39,114,16.6,114,16.0,228,16.3
2020-06-09,40-49,116,16.9,141,19.8,257,18.4
2020-06-09,50-59,145,21.1,138,19.4,283,20.2
2020-06-09,60-69,96,14.0,91,12.8,187,13.4
2020-06-09,70-79,35,5.1,59,8.3,94,6.7
2020-06-09,≥ 80,23,3.3,26,3.6,49,3.5
2020-06-09,No disponible,1,,1,,2,
2020-06-09,Total,688,100.0,714,100.0,1402,100.0
2020-06-10,< 10,15,2.2,14,2.0,29,2.1
2020-06-10,10-19,36,5.3,34,4.7,70,5.0
2020-06-10,20-29,107,15.6,97,13.5,204,14.6
2020-06-10,30-39,114,16.6,115,16.1,229,16.3
2020-06-10,40-49,116,16.9,141,19.7,257,18.3
2020-06-10,50-59,143,20.9,138,19.3,281,20.1
2020-06-10,60-69,96,14.0,92,12.8,188,13.4
2020-06-10,70-79,35,5.1,59,8.2,94,6.7
2020-06-10,≥ 80,23,3.4,26,3.6,49,3.5
2020-06-10,No disponible,1,,1,,2,
2020-06-10,Total,686,100.0,717,100.0,1403,100.0
2020-06-11,< 10,16,2.3,14,1.9,30,2.1
2020-06-11,10-19,39,5.5,34,4.6,73,5.1
2020-06-11,20-29,110,15.6,98,13.3,208,14.4
2020-06-11,30-39,116,16.4,121,16.5,237,16.4
2020-06-11,40-49,120,17.0,145,19.7,265,18.4
2020-06-11,50-59,146,20.7,142,19.3,288,20.0
2020-06-11,60-69,99,14.0,92,12.5,191,13.3
2020-06-11,70-79,36,5.1,62,8.4,98,6.8
2020-06-11,≥ 80,24,3.4,27,3.7,51,3.5
2020-06-11,No disponible,1,,1,,2,
2020-06-11,Total,707,100.0,736,100.0,1443,100.0
2020-06-12,< 10,16,2.2,14,1.9,30,2.1
2020-06-12,10-19,39,5.5,34,4.6,73,5.0
2020-06-12,20-29,112,15.7,99,13.3,211,14.5
2020-06-12,30-39,120,16.8,124,16.7,244,16.7
2020-06-12,40-49,122,17.1,147,19.8,269,18.4
2020-06-12,50-59,145,20.3,144,19.4,289,19.8
2020-06-12,60-69,100,14.0,93,12.5,193,13.2
2020-06-12,70-79,37,5.2,61,8.2,98,6.7
2020-06-12,≥ 80,24,3.4,27,3.6,51,3.5
2020-06-12,No disponible,1,,1,,2,
2020-06-12,Total,716,100.0,744,100.0,1460,100.0
2020-06-13,< 10,17,2.4,13,1.7,30,2.0
2020-06-13,10-19,40,5.5,34,4.6,74,5.0
2020-06-13,20-29,113,15.7,101,13.5,214,14.6
2020-06-13,30-39,120,16.6,124,16.6,244,16.6
2020-06-13,40-49,121,16.8,144,19.3,265,18.1
2020-06-13,50-59,148,20.5,147,19.7,295,20.1
2020-06-13,60-69,102,14.1,93,12.5,195,13.3
2020-06-13,70-79,38,5.3,63,8.4,101,6.9
2020-06-13,≥ 80,23,3.2,27,3.6,50,3.4
2020-06-13,No disponible,1,,2,,3,
2020-06-13,Total,723,100.0,748,100.0,1471,100.0
2020-06-14,< 10,17,2.3,13,1.7,30,2.0
2020-06-14,10-19,40,5.5,35,4.7,75,5.1
2020-06-14,20-29,115,15.9,101,13.5,216,14.7
2020-06-14,30-39,120,16.6,124,16.6,244,16.6
2020-06-14,40-49,122,16.8,144,19.3,266,18.1
2020-06-14,50-59,148,20.4,148,19.8,296,20.1
2020-06-14,60-69,102,14.1,93,12.4,195,13.2
2020-06-14,70-79,38,5.2,63,8.4,101,6.9
2020-06-14,≥ 80,23,3.2,27,3.6,50,3.4
2020-06-14,No disponible,1,,3,,4,
2020-06-14,Total,726,100.0,751,100.0,1477,100.0
2020-06-15,< 10,17,2.3,13,1.7,30,2.0
2020-06-15,10-19,40,5.5,35,4.7,75,5.1
2020-06-15,20-29,115,15.8,102,13.6,217,14.7
2020-06-15,30-39,120,16.5,124,16.6,244,16.5
2020-06-15,40-49,122,16.8,144,19.2,266,18.0
2020-06-15,50-59,149,20.5,148,19.8,297,20.1
2020-06-15,60-69,102,14.0,93,12.4,195,13.2
2020-06-15,70-79,38,5.2,63,8.4,101,6.8
2020-06-15,≥ 80,23,3.2,27,3.6,50,3.4
2020-06-15,No disponible,1,,3,,4,
2020-06-15,Total,727,100.0,752,100.0,1479,100.0
2020-06-16,< 10,17,2.3,13,1.7,30,2.0
2020-06-16,10-19,43,5.9,35,4.7,78,5.3
2020-06-16,20-29,115,15.7,102,13.6,217,14.6
2020-06-16,30-39,121,16.5,124,16.5,245,16.5
2020-06-16,40-49,123,16.8,144,19.2,267,18.0
2020-06-16,50-59,150,20.5,148,19.7,298,20.1
2020-06-16,60-69,102,13.9,93,12.4,195,13.2
2020-06-16,70-79,38,5.2,64,8.5,102,6.9
2020-06-16,≥ 80,23,3.1,27,3.6,50,3.4
2020-06-16,No disponible,1,,3,,4,
2020-06-16,Total,733,100.0,753,100.0,1486,100.0
2020-06-17,< 10,17,2.3,13,1.7,30,2.0
2020-06-17,10-19,43,5.8,35,4.6,78,5.2
2020-06-17,20-29,116,15.7,103,13.6,219,14.7
2020-06-17,30-39,125,16.9,125,16.6,250,16.7
2020-06-17,40-49,123,16.7,145,19.2,268,18.0
2020-06-17,50-59,151,20.5,149,19.7,300,20.1
2020-06-17,60-69,102,13.8,93,12.3,195,13.1
2020-06-17,70-79,38,5.1,64,8.5,102,6.8
2020-06-17,≥ 80,23,3.1,28,3.7,51,3.4
2020-06-17,No disponible,1,,2,,3,
2020-06-17,Total,739,100.0,757,100.0,1496,100.0
2020-06-18,< 10,17,2.3,13,1.7,30,2.0
2020-06-18,10-19,43,5.8,35,4.6,78,5.2
2020-06-18,20-29,115,15.6,104,13.7,219,14.6
2020-06-18,30-39,124,16.8,125,16.5,249,16.6
2020-06-18,40-49,124,16.8,147,19.4,271,18.1
2020-06-18,50-59,151,20.4,151,19.9,302,20.2
2020-06-18,60-69,103,13.9,92,12.2,195,13.0
2020-06-18,70-79,39,5.3,62,8.2,101,6.8
2020-06-18,≥ 80,23,3.1,28,3.7,51,3.4
2020-06-18,No disponible,1,,2,,3,
2020-06-18,Total,740,100.0,759,100.0,1499,100.0
2020-06-19,< 10,18,2.4,15,1.9,33,2.2
2020-06-19,10-19,45,6.0,35,4.5,80,5.2
2020-06-19,20-29,121,16.0,107,13.8,228,14.9
2020-06-19,30-39,125,16.6,128,16.6,253,16.6
2020-06-19,40-49,126,16.7,151,19.5,277,18.1
2020-06-19,50-59,153,20.3,152,19.7,305,20.0
2020-06-19,60-69,103,13.7,93,12.0,196,12.8
2020-06-19,70-79,39,5.2,64,8.3,103,6.7
2020-06-19,≥ 80,24,3.2,28,3.6,52,3.4
2020-06-19,No disponible,2,,2,,4,
2020-06-19,Total,756,100.0,775,100.0,1531,100.0
2020-06-20,< 10,18,2.4,15,1.9,33,2.2
2020-06-20,10-19,45,6.0,35,4.5,80,5.2
2020-06-20,20-29,121,16.0,107,13.8,228,14.9
2020-06-20,30-39,125,16.6,128,16.5,253,16.5
2020-06-20,40-49,126,16.7,151,19.5,277,18.1
2020-06-20,50-59,153,20.3,153,19.8,306,20.0
2020-06-20,60-69,103,13.6,93,12.0,196,12.8
2020-06-20,70-79,40,5.3,64,8.3,104,6.8
2020-06-20,≥ 80,24,3.2,28,3.6,52,3.4
2020-06-20,No disponible,2,,2,,4,
2020-06-20,Total,757,100.0,776,100.0,1533,100.0
2020-06-21,< 10,20,2.6,17,2.2,37,2.4
2020-06-21,10-19,46,6.1,35,4.5,81,5.3
2020-06-21,20-29,122,16.1,107,13.8,229,14.9
2020-06-21,30-39,125,16.5,129,16.6,254,16.5
2020-06-21,40-49,126,16.6,151,19.4,277,18.0
2020-06-21,50-59,153,20.2,153,19.7,306,19.9
2020-06-21,60-69,103,13.6,93,12.0,196,12.8
2020-06-21,70-79,40,5.3,64,8.2,104,6.8
2020-06-21,≥ 80,24,3.2,28,3.6,52,3.4
2020-06-21,No disponible,2,,2,,4,
2020-06-21,Total,761,100.0,779,100.0,1540,100.0
2020-06-22,< 10,20,2.6,17,2.2,37,2.4
2020-06-22,10-19,46,6.0,36,4.6,82,5.3
2020-06-22,20-29,122,16.0,109,13.9,231,14.9
2020-06-22,30-39,126,16.5,129,16.5,255,16.5
2020-06-22,40-49,127,16.6,152,19.4,279,18.0
2020-06-22,50-59,155,20.3,153,19.5,308,19.9
2020-06-22,60-69,103,13.5,95,12.1,198,12.8
2020-06-22,70-79,40,5.2,64,8.2,104,6.7
2020-06-22,≥ 80,24,3.1,28,3.6,52,3.4
2020-06-22,No disponible,2,,2,,4,
2020-06-22,Total,765,100.0,785,100.0,1550,100.0
2020-06-23,< 10,21,2.7,17,2.1,38,2.4
2020-06-23,10-19,47,6.0,37,4.7,84,5.3
2020-06-23,20-29,125,16.1,110,13.9,235,14.9
2020-06-23,30-39,129,16.6,134,16.9,263,16.7
2020-06-23,40-49,130,16.7,153,19.3,283,18.0
2020-06-23,50-59,157,20.2,153,19.3,310,19.7
2020-06-23,60-69,104,13.4,96,12.1,200,12.7
2020-06-23,70-79,41,5.3,66,8.3,107,6.8
2020-06-23,≥ 80,24,3.1,28,3.5,52,3.3
2020-06-23,No disponible,2,,3,,5,
2020-06-23,Total,780,100.0,797,100.0,1577,100.0
2020-06-24,< 10,21,2.7,17,2.1,38,2.4
2020-06-24,10-19,47,6.0,37,4.7,84,5.3
2020-06-24,20-29,125,16.0,110,13.8,235,14.9
2020-06-24,30-39,129,16.6,134,16.9,263,16.7
2020-06-24,40-49,130,16.7,153,19.2,283,18.0
2020-06-24,50-59,158,20.3,154,19.4,312,19.8
2020-06-24,60-69,104,13.4,95,11.9,199,12.6
2020-06-24,70-79,41,5.3,67,8.4,108,6.9
2020-06-24,≥ 80,24,3.1,28,3.5,52,3.3
2020-06-24,No disponible,2,,3,,5,
2020-06-24,Total,781,100.0,798,100.0,1579,100.0
2020-06-25,< 10,21,2.7,17,2.1,38,2.4
2020-06-25,10-19,47,6.0,37,4.6,84,5.3
2020-06-25,20-29,126,16.2,113,14.2,239,15.1
2020-06-25,30-39,129,16.5,134,16.8,263,16.7
2020-06-25,40-49,130,16.7,153,19.2,283,17.9
2020-06-25,50-59,158,20.3,154,19.3,312,19.8
2020-06-25,60-69,104,13.3,95,11.9,199,12.6
2020-06-25,70-79,41,5.3,67,8.4,108,6.8
2020-06-25,≥ 80,24,3.1,28,3.5,52,3.3
2020-06-25,No disponible,2,,3,,5,
2020-06-25,Total,782,100.0,801,100.0,1583,100.0
2020-06-26,< 10,21,2.7,17,2.1,38,2.4
2020-06-26,10-19,47,5.9,37,4.6,84,5.3
2020-06-26,20-29,126,15.9,113,14.0,239,15.0
2020-06-26,30-39,130,16.5,134,16.6,264,16.5
2020-06-26,40-49,133,16.8,156,19.3,289,18.1
2020-06-26,50-59,161,20.4,157,19.4,318,19.9
2020-06-26,60-69,106,13.4,99,12.3,205,12.8
2020-06-26,70-79,41,5.2,67,8.3,108,6.8
2020-06-26,≥ 80,25,3.2,28,3.5,53,3.3
2020-06-26,No disponible,1,,3,,4,
2020-06-26,Total,791,100.0,811,100.0,1602,100.0
2020-06-27,< 10,22,2.7,17,2.1,39,2.4
2020-06-27,10-19,47,5.9,38,4.7,85,5.2
2020-06-27,20-29,128,15.9,117,14.3,245,15.1
2020-06-27,30-39,136,16.9,136,16.6,272,16.8
2020-06-27,40-49,137,17.1,157,19.2,294,18.1
2020-06-27,50-59,161,20.0,157,19.2,318,19.6
2020-06-27,60-69,106,13.2,100,12.2,206,12.7
2020-06-27,70-79,41,5.1,67,8.2,108,6.7
2020-06-27,≥ 80,25,3.1,28,3.4,53,3.3
2020-06-27,No disponible,1,,3,,4,
2020-06-27,Total,804,100.0,820,100.0,1624,100.0
2020-06-28,< 10,22,2.7,17,2.1,39,2.4
2020-06-28,10-19,48,5.9,38,4.6,86,5.3
2020-06-28,20-29,129,15.9,117,14.2,246,15.1
2020-06-28,30-39,138,17.0,136,16.5,274,16.8
2020-06-28,40-49,138,17.0,157,19.1,295,18.1
2020-06-28,50-59,164,20.2,159,19.3,323,19.8
2020-06-28,60-69,106,13.1,101,12.3,207,12.7
2020-06-28,70-79,41,5.0,68,8.3,109,6.7
2020-06-28,≥ 80,26,3.2,29,3.5,55,3.4
2020-06-28,No disponible,1,,3,,4,
2020-06-28,Total,813,100.0,825,100.0,1638,100.0
2020-06-29,< 10,23,2.7,19,2.2,42,2.5
2020-06-29,10-19,54,6.4,39,4.6,93,5.5
2020-06-29,20-29,134,15.9,122,14.4,256,15.2
2020-06-29,30-39,141,16.7,140,16.5,281,16.6
2020-06-29,40-49,143,17.0,161,19.0,304,18.0
2020-06-29,50-59,167,19.8,162,19.1,329,19.5
2020-06-29,60-69,110,13.1,105,12.4,215,12.7
2020-06-29,70-79,43,5.1,68,8.0,111,6.6
2020-06-29,≥ 80,27,3.2,31,3.7,58,3.4
2020-06-29,No disponible,1,,3,,4,
2020-06-29,Total,843,100.0,850,100.0,1693,100.0
2020-06-30,< 10,25,2.9,20,2.3,45,2.6
2020-06-30,10-19,55,6.4,39,4.5,94,5.4
2020-06-30,20-29,135,15.7,126,14.6,261,15.1
2020-06-30,30-39,143,16.6,141,16.3,284,16.5
2020-06-30,40-49,146,17.0,167,19.3,313,18.1
2020-06-30,50-59,171,19.9,164,19.0,335,19.4
2020-06-30,60-69,114,13.2,106,12.3,220,12.7
2020-06-30,70-79,43,5.0,70,8.1,113,6.5
2020-06-30,≥ 80,29,3.4,32,3.7,61,3.5
2020-06-30,No disponible,1,,2,,3,
2020-06-30,Total,862,100.0,867,100.0,1729,100.0
2020-07-01,< 10,25,2.9,20,2.2,45,2.5
2020-07-01,10-19,56,6.4,40,4.5,96,5.4
2020-07-01,20-29,138,15.8,130,14.6,268,15.2
2020-07-01,30-39,146,16.7,144,16.2,290,16.4
2020-07-01,40-49,148,16.9,171,19.2,319,18.1
2020-07-01,50-59,176,20.1,170,19.1,346,19.6
2020-07-01,60-69,115,13.1,110,12.4,225,12.7
2020-07-01,70-79,43,4.9,72,8.1,115,6.5
2020-07-01,≥ 80,29,3.3,32,3.6,61,3.5
2020-07-01,No disponible,0,,2,,2,
2020-07-01,Total,876,100.0,891,100.0,1767,100.0
2020-07-02,< 10,27,3.0,20,2.2,47,2.6
2020-07-02,10-19,58,6.5,43,4.8,101,5.6
2020-07-02,20-29,141,15.9,133,14.7,274,15.3
2020-07-02,30-39,147,16.6,144,16.0,291,16.3
2020-07-02,40-49,148,16.7,173,19.2,321,17.9
2020-07-02,50-59,177,20.0,174,19.3,351,19.6
2020-07-02,60-69,116,13.1,112,12.4,228,12.7
2020-07-02,70-79,43,4.8,71,7.9,114,6.4
2020-07-02,≥ 80,30,3.4,32,3.5,62,3.5
2020-07-02,No disponible,0,,2,,2,
2020-07-02,Total,887,100.0,904,100.0,1791,100.0
2020-07-03,< 10,27,3.0,21,2.3,48,2.6
2020-07-03,10-19,60,6.6,44,4.8,104,5.7
2020-07-03,20-29,149,16.4,134,14.7,283,15.6
2020-07-03,30-39,148,16.3,145,15.9,293,16.1
2020-07-03,40-49,149,16.4,174,19.1,323,17.8
2020-07-03,50-59,182,20.1,174,19.1,356,19.6
2020-07-03,60-69,117,12.9,113,12.4,230,12.7
2020-07-03,70-79,44,4.9,72,7.9,116,6.4
2020-07-03,≥ 80,30,3.3,33,3.6,63,3.5
2020-07-03,No disponible,0,,1,,1,
2020-07-03,Total,906,100.0,911,100.0,1817,100.0
2020-07-04,< 10,27,2.9,23,2.5,50,2.7
2020-07-04,10-19,61,6.6,46,5.0,107,5.8
2020-07-04,20-29,151,16.4,135,14.6,286,15.5
2020-07-04,30-39,153,16.6,147,15.9,300,16.3
2020-07-04,40-49,150,16.3,175,18.9,325,17.6
2020-07-04,50-59,185,20.1,178,19.2,363,19.7
2020-07-04,60-69,118,12.8,115,12.4,233,12.6
2020-07-04,70-79,45,4.9,73,7.9,118,6.4
2020-07-04,≥ 80,30,3.3,33,3.6,63,3.4
2020-07-04,No disponible,0,,1,,1,
2020-07-04,Total,920,100.0,926,100.0,1846,100.0
2020-07-05,< 10,34,3.3,25,2.4,59,2.9
2020-07-05,10-19,70,6.8,57,5.5,127,6.1
2020-07-05,20-29,171,16.6,154,14.8,325,15.7
2020-07-05,30-39,169,16.4,171,16.4,340,16.4
2020-07-05,40-49,166,16.1,197,18.9,363,17.5
2020-07-05,50-59,201,19.5,191,18.4,392,18.9
2020-07-05,60-69,135,13.1,131,12.6,266,12.9
2020-07-05,70-79,53,5.2,79,7.6,132,6.4
2020-07-05,≥ 80,30,2.9,35,3.4,65,3.1
2020-07-05,No disponible,1,,1,,2,
2020-07-05,Total,1030,100.0,1041,100.0,2071,100.0
2020-07-06,< 10,34,3.2,25,2.3,59,2.8
2020-07-06,10-19,71,6.6,59,5.5,130,6.1
2020-07-06,20-29,177,16.6,163,15.1,340,15.9
2020-07-06,30-39,179,16.8,176,16.3,355,16.6
2020-07-06,40-49,172,16.1,206,19.1,378,17.6
2020-07-06,50-59,205,19.2,194,18.0,399,18.6
2020-07-06,60-69,142,13.3,137,12.7,279,13.0
2020-07-06,70-79,58,5.4,81,7.5,139,6.5
2020-07-06,≥ 80,30,2.8,36,3.3,66,3.1
2020-07-06,No disponible,1,,1,,2,
2020-07-06,Total,1069,100.0,1078,100.0,2147,100.0
2020-07-07,< 10,34,3.2,26,2.4,60,2.8
2020-07-07,10-19,71,6.6,59,5.4,130,6.0
2020-07-07,20-29,179,16.7,168,15.4,347,16.0
2020-07-07,30-39,182,16.9,180,16.5,362,16.7
2020-07-07,40-49,174,16.2,203,18.6,377,17.4
2020-07-07,50-59,205,19.1,199,18.2,404,18.6
2020-07-07,60-69,142,13.2,139,12.7,281,13.0
2020-07-07,70-79,58,5.4,82,7.5,140,6.5
2020-07-07,≥ 80,30,2.8,38,3.5,68,3.1
2020-07-07,No disponible,1,,1,,2,
2020-07-07,Total,1076,100.0,1095,100.0,2171,100.0
2020-07-08,< 10,38,3.4,28,2.5,66,3.0
2020-07-08,10-19,73,6.6,60,5.3,133,6.0
2020-07-08,20-29,187,16.9,172,15.3,359,16.1
2020-07-08,30-39,188,17.0,190,16.9,378,16.9
2020-07-08,40-49,174,15.7,206,18.3,380,17.0
2020-07-08,50-59,210,19.0,201,17.8,411,18.4
2020-07-08,60-69,147,13.3,143,12.7,290,13.0
2020-07-08,70-79,59,5.3,89,7.9,148,6.6
2020-07-08,≥ 80,30,2.7,38,3.4,68,3.0
2020-07-08,No disponible,1,,1,,2,
2020-07-08,Total,1107,100.0,1128,100.0,2235,100.0
2020-07-09,< 10,42,3.6,32,2.7,74,3.2
2020-07-09,10-19,83,7.1,70,5.9,153,6.5
2020-07-09,20-29,195,16.8,184,15.5,379,16.1
2020-07-09,30-39,196,16.9,200,16.9,396,16.9
2020-07-09,40-49,183,15.7,216,18.2,399,17.0
2020-07-09,50-59,219,18.8,206,17.4,425,18.1
2020-07-09,60-69,152,13.1,147,12.4,299,12.7
2020-07-09,70-79,60,5.2,91,7.7,151,6.4
2020-07-09,≥ 80,32,2.8,40,3.4,72,3.1
2020-07-09,No disponible,1,,2,,3,
2020-07-09,Total,1163,100.0,1188,100.0,2351,100.0
2020-07-10,< 10,43,3.6,32,2.6,75,3.1
2020-07-10,10-19,87,7.2,71,5.8,158,6.5
2020-07-10,20-29,208,17.2,194,15.8,402,16.5
2020-07-10,30-39,205,17.0,211,17.2,416,17.1
2020-07-10,40-49,187,15.5,223,18.2,410,16.9
2020-07-10,50-59,226,18.7,208,17.0,434,17.8
2020-07-10,60-69,154,12.7,151,12.3,305,12.5
2020-07-10,70-79,63,5.2,93,7.6,156,6.4
2020-07-10,≥ 80,35,2.9,41,3.3,76,3.1
2020-07-10,No disponible,1,,2,,3,
2020-07-10,Total,1209,100.0,1226,100.0,2435,100.0
2020-07-11,< 10,49,3.8,37,2.9,86,3.3
2020-07-11,10-19,93,7.2,77,6.0,170,6.6
2020-07-11,20-29,222,17.2,203,15.7,425,16.5
2020-07-11,30-39,220,17.1,225,17.4,445,17.2
2020-07-11,40-49,200,15.5,234,18.1,434,16.8
2020-07-11,50-59,239,18.5,216,16.7,455,17.6
2020-07-11,60-69,161,12.5,158,12.2,319,12.4
2020-07-11,70-79,68,5.3,98,7.6,166,6.4
2020-07-11,≥ 80,38,2.9,42,3.3,80,3.1
2020-07-11,No disponible,1,,2,,3,
2020-07-11,Total,1291,100.0,1292,100.0,2583,100.0
2020-07-12,< 10,55,3.9,43,3.1,98,3.5
2020-07-12,10-19,105,7.5,88,6.3,193,6.9
2020-07-12,20-29,246,17.5,225,16.1,471,16.8
2020-07-12,30-39,239,17.0,241,17.2,480,17.1
2020-07-12,40-49,223,15.8,252,18.0,475,16.9
2020-07-12,50-59,257,18.3,230,16.4,487,17.3
2020-07-12,60-69,165,11.7,169,12.1,334,11.9
2020-07-12,70-79,74,5.3,106,7.6,180,6.4
2020-07-12,≥ 80,43,3.1,47,3.4,90,3.2
2020-07-12,No disponible,1,,2,,3,
2020-07-12,Total,1408,100.0,1403,100.0,2811,100.0
2020-07-13,< 10,56,3.8,44,3.0,100,3.4
2020-07-13,10-19,108,7.4,92,6.4,200,6.9
2020-07-13,20-29,257,17.7,236,16.3,493,17.0
2020-07-13,30-39,247,17.0,248,17.2,495,17.1
2020-07-13,40-49,234,16.1,259,17.9,493,17.0
2020-07-13,50-59,268,18.4,236,16.3,504,17.4
2020-07-13,60-69,167,11.5,172,11.9,339,11.7
2020-07-13,70-79,75,5.2,109,7.5,184,6.3
2020-07-13,≥ 80,44,3.0,49,3.4,93,3.2
2020-07-13,No disponible,1,,2,,3,
2020-07-13,Total,1457,100.0,1447,100.0,2904,100.0
2020-07-14,< 10,58,3.8,49,3.2,107,3.5
2020-07-14,10-19,111,7.3,98,6.5,209,6.9
2020-07-14,20-29,278,18.2,238,15.8,516,17.0
2020-07-14,30-39,257,16.8,260,17.2,517,17.0
2020-07-14,40-49,245,16.0,278,18.4,523,17.2
2020-07-14,50-59,286,18.7,249,16.5,535,17.6
2020-07-14,60-69,172,11.2,177,11.7,349,11.5
2020-07-14,70-79,79,5.2,112,7.4,191,6.3
2020-07-14,≥ 80,44,2.9,49,3.2,93,3.1
2020-07-14,No disponible,1,,2,,3,
2020-07-14,Total,1531,100.0,1512,100.0,3043,100.0
2020-07-15,< 10,60,3.8,50,3.2,110,3.5
2020-07-15,10-19,117,7.4,98,6.4,215,6.9
2020-07-15,20-29,290,18.4,241,15.6,531,17.0
2020-07-15,30-39,262,16.6,268,17.4,530,17.0
2020-07-15,40-49,249,15.8,283,18.4,532,17.1
2020-07-15,50-59,291,18.5,254,16.5,545,17.5
2020-07-15,60-69,177,11.2,179,11.6,356,11.4
2020-07-15,70-79,84,5.3,116,7.5,200,6.4
2020-07-15,≥ 80,46,2.9,51,3.3,97,3.1
2020-07-15,No disponible,1,,2,,3,
2020-07-15,Total,1577,100.0,1542,100.0,3119,100.0
2020-07-16,< 10,66,4.0,57,3.5,123,3.8
2020-07-16,10-19,128,7.8,104,6.4,232,7.1
2020-07-16,20-29,300,18.2,256,15.8,556,17.0
2020-07-16,30-39,274,16.6,276,17.0,550,16.8
2020-07-16,40-49,262,15.9,295,18.2,557,17.0
2020-07-16,50-59,301,18.3,270,16.7,571,17.5
2020-07-16,60-69,184,11.2,192,11.8,376,11.5
2020-07-16,70-79,86,5.2,118,7.3,204,6.2
2020-07-16,≥ 80,47,2.9,53,3.3,100,3.1
2020-07-16,No disponible,1,,2,,3,
2020-07-16,Total,1649,100.0,1623,100.0,3272,100.0
2020-07-17,< 10,68,3.9,62,3.6,130,3.8
2020-07-17,10-19,132,7.6,109,6.4,241,7.0
2020-07-17,20-29,311,17.8,273,16.0,584,16.9
2020-07-17,30-39,290,16.6,290,16.9,580,16.8
2020-07-17,40-49,283,16.2,304,17.8,587,17.0
2020-07-17,50-59,314,18.0,289,16.9,603,17.4
2020-07-17,60-69,198,11.3,198,11.6,396,11.5
2020-07-17,70-79,94,5.4,126,7.4,220,6.4
2020-07-17,≥ 80,57,3.3,60,3.5,117,3.4
2020-07-17,No disponible,1,,2,,3,
2020-07-17,Total,1748,100.0,1713,100.0,3461,100.0
2020-07-18,< 10,79,4.1,71,3.8,150,4.0
2020-07-18,10-19,141,7.3,119,6.4,260,6.9
2020-07-18,20-29,351,18.3,302,16.2,653,17.2
2020-07-18,30-39,320,16.7,329,17.6,649,17.1
2020-07-18,40-49,318,16.6,329,17.6,647,17.1
2020-07-18,50-59,336,17.5,303,16.2,639,16.9
2020-07-18,60-69,211,11.0,216,11.6,427,11.3
2020-07-18,70-79,103,5.4,136,7.3,239,6.3
2020-07-18,≥ 80,60,3.1,64,3.4,124,3.3
2020-07-18,No disponible,1,,2,,3,
2020-07-18,Total,1920,100.0,1871,100.0,3791,100.0
2020-07-19,< 10,80,3.9,75,3.8,155,3.9
2020-07-19,10-19,155,7.6,126,6.4,281,7.0
2020-07-19,20-29,385,18.9,321,16.3,706,17.6
2020-07-19,30-39,339,16.6,356,18.1,695,17.3
2020-07-19,40-49,332,16.3,349,17.7,681,17.0
2020-07-19,50-59,356,17.5,314,15.9,670,16.7
2020-07-19,60-69,221,10.8,225,11.4,446,11.1
2020-07-19,70-79,108,5.3,139,7.1,247,6.2
2020-07-19,≥ 80,61,3.0,66,3.3,127,3.2
2020-07-19,No disponible,1,,2,,3,
2020-07-19,Total,2038,100.0,1973,100.0,4011,100.0
2020-07-20,< 10,83,3.8,81,3.9,164,3.9
2020-07-20,10-19,165,7.6,139,6.7,304,7.1
2020-07-20,20-29,419,19.3,342,16.4,761,17.9
2020-07-20,30-39,366,16.9,372,17.8,738,17.4
2020-07-20,40-49,343,15.8,368,17.6,711,16.7
2020-07-20,50-59,371,17.1,333,16.0,704,16.6
2020-07-20,60-69,238,11.0,238,11.4,476,11.2
2020-07-20,70-79,114,5.3,143,6.9,257,6.0
2020-07-20,≥ 80,68,3.1,69,3.3,137,3.2
2020-07-20,No disponible,1,,2,,3,
2020-07-20,Total,2168,100.0,2087,100.0,4255,100.0
2020-07-21,< 10,85,3.9,83,3.9,168,3.9
2020-07-21,10-19,167,7.6,139,6.5,306,7.1
2020-07-21,20-29,423,19.2,352,16.5,775,17.9
2020-07-21,30-39,369,16.8,376,17.7,745,17.2
2020-07-21,40-49,353,16.0,375,17.6,728,16.8
2020-07-21,50-59,377,17.1,342,16.1,719,16.6
2020-07-21,60-69,240,10.9,242,11.4,482,11.1
2020-07-21,70-79,117,5.3,146,6.9,263,6.1
2020-07-21,≥ 80,69,3.1,72,3.4,141,3.3
2020-07-21,No disponible,1,,2,,3,
2020-07-21,Total,2201,100.0,2129,100.0,4330,100.0
2020-07-22,< 10,92,4.0,86,3.8,178,3.9
2020-07-22,10-19,173,7.5,149,6.6,322,7.0
2020-07-22,20-29,453,19.7,379,16.7,832,18.2
2020-07-22,30-39,384,16.7,401,17.7,785,17.2
2020-07-22,40-49,371,16.1,402,17.7,773,16.9
2020-07-22,50-59,388,16.8,366,16.1,754,16.5
2020-07-22,60-69,248,10.8,255,11.2,503,11.0
2020-07-22,70-79,122,5.3,152,6.7,274,6.0
2020-07-22,≥ 80,72,3.1,77,3.4,149,3.3
2020-07-22,No disponible,2,,2,,4,
2020-07-22,Total,2305,100.0,2269,100.0,4574,100.0
2020-07-23,< 10,97,4.0,92,3.9,189,3.9
2020-07-23,10-19,184,7.6,162,6.8,346,7.2
2020-07-23,20-29,480,19.9,396,16.7,876,18.3
2020-07-23,30-39,404,16.7,417,17.5,821,17.1
2020-07-23,40-49,393,16.3,423,17.8,816,17.0
2020-07-23,50-59,398,16.5,382,16.1,780,16.3
2020-07-23,60-69,257,10.7,269,11.3,526,11.0
2020-07-23,70-79,127,5.3,157,6.6,284,5.9
2020-07-23,≥ 80,73,3.0,79,3.3,152,3.2
2020-07-23,No disponible,2,,2,,4,
2020-07-23,Total,2415,100.0,2379,100.0,4794,100.0
2020-07-24,< 10,100,3.9,98,3.9,198,3.9
2020-07-24,10-19,197,7.8,177,7.1,374,7.4
2020-07-24,20-29,508,20.1,419,16.7,927,18.4
2020-07-24,30-39,425,16.8,444,17.7,869,17.2
2020-07-24,40-49,410,16.2,445,17.8,855,17.0
2020-07-24,50-59,414,16.3,399,15.9,813,16.1
2020-07-24,60-69,269,10.6,280,11.2,549,10.9
2020-07-24,70-79,133,5.3,162,6.5,295,5.9
2020-07-24,≥ 80,77,3.0,81,3.2,158,3.1
2020-07-24,No disponible,2,,2,,4,
2020-07-24,Total,2535,100.0,2507,100.0,5042,100.0
2020-07-25,< 10,101,3.8,101,3.9,202,3.9
2020-07-25,10-19,206,7.8,183,7.0,389,7.4
2020-07-25,20-29,530,20.2,432,16.6,962,18.4
2020-07-25,30-39,446,17.0,463,17.8,909,17.4
2020-07-25,40-49,422,16.1,467,17.9,889,17.0
2020-07-25,50-59,428,16.3,415,15.9,843,16.1
2020-07-25,60-69,274,10.4,290,11.1,564,10.8
2020-07-25,70-79,142,5.4,168,6.4,310,5.9
2020-07-25,≥ 80,78,3.0,86,3.3,164,3.1
2020-07-25,No disponible,2,,2,,4,
2020-07-25,Total,2629,100.0,2607,100.0,5236,100.0
2020-07-26,< 10,104,3.8,102,3.8,206,3.8
2020-07-26,10-19,213,7.8,191,7.1,404,7.5
2020-07-26,20-29,545,20.0,442,16.4,987,18.2
2020-07-26,30-39,469,17.2,476,17.7,945,17.5
2020-07-26,40-49,443,16.3,485,18.0,928,17.1
2020-07-26,50-59,439,16.1,426,15.8,865,16.0
2020-07-26,60-69,283,10.4,303,11.3,586,10.8
2020-07-26,70-79,144,5.3,179,6.6,323,6.0
2020-07-26,≥ 80,79,2.9,89,3.3,168,3.1
2020-07-26,No disponible,2,,2,,4,
2020-07-26,Total,2721,100.0,2695,100.0,5416,100.0
2020-07-27,< 10,107,3.8,103,3.7,210,3.8
2020-07-27,10-19,223,7.9,197,7.1,420,7.5
2020-07-27,20-29,566,20.1,459,16.6,1025,18.4
2020-07-27,30-39,486,17.3,489,17.7,975,17.5
2020-07-27,40-49,459,16.3,497,18.0,956,17.1
2020-07-27,50-59,454,16.1,440,15.9,894,16.0
2020-07-27,60-69,287,10.2,309,11.2,596,10.7
2020-07-27,70-79,150,5.3,184,6.6,334,6.0
2020-07-27,≥ 80,81,2.9,90,3.3,171,3.1
2020-07-27,No disponible,2,,2,,4,
2020-07-27,Total,2815,100.0,2770,100.0,5585,100.0
2020-07-28,< 10,114,4.0,105,3.7,219,3.8
2020-07-28,10-19,225,7.8,204,7.2,429,7.5
2020-07-28,20-29,577,20.1,466,16.5,1043,18.3
2020-07-28,30-39,503,17.5,496,17.6,999,17.5
2020-07-28,40-49,467,16.2,508,18.0,975,17.1
2020-07-28,50-59,465,16.2,448,15.9,914,16.0
2020-07-28,60-69,288,10.0,311,11.0,599,10.5
2020-07-28,70-79,154,5.4,188,6.7,342,6.0
2020-07-28,≥ 80,82,2.9,94,3.3,176,3.1
2020-07-28,No disponible,2,,2,,4,
2020-07-28,Total,2877,100.0,2822,100.0,5700,100.0
2020-07-29,< 10,122,4.1,111,3.8,233,3.9
2020-07-29,10-19,230,7.7,208,7.1,438,7.4
2020-07-29,20-29,595,19.9,483,16.5,1078,18.2
2020-07-29,30-39,521,17.5,519,17.7,1040,17.6
2020-07-29,40-49,491,16.4,531,18.1,1022,17.3
2020-07-29,50-59,486,16.3,469,16.0,955,16.1
2020-07-29,60-69,294,9.8,322,11.0,616,10.4
2020-07-29,70-79,161,5.4,193,6.6,354,6.0
2020-07-29,≥ 80,85,2.8,95,3.2,180,3.0
2020-07-29,No disponible,2,,2,,4,
2020-07-29,Total,2987,100.0,2933,100.0,5920,100.0
2020-07-30,< 10,124,4.1,114,3.8,238,4.0
2020-07-30,10-19,233,7.7,210,7.1,443,7.4
2020-07-30,20-29,602,19.9,489,16.4,1091,18.2
2020-07-30,30-39,525,17.4,523,17.6,1048,17.5
2020-07-30,40-49,495,16.4,537,18.1,1032,17.2
2020-07-30,50-59,495,16.4,480,16.1,975,16.3
2020-07-30,60-69,295,9.8,328,11.0,623,10.4
2020-07-30,70-79,164,5.4,196,6.6,360,6.0
2020-07-30,≥ 80,85,2.8,98,3.3,183,3.1
2020-07-30,No disponible,2,,2,,4,
2020-07-30,Total,3020,100.0,2977,100.0,5997,100.0
2020-07-31,< 10,131,4.0,123,3.8,254,3.9
2020-07-31,10-19,262,8.0,255,7.9,517,7.9
2020-07-31,20-29,662,20.1,535,16.5,1197,18.3
2020-07-31,30-39,571,17.3,561,17.3,1132,17.3
2020-07-31,40-49,543,16.5,579,17.8,1122,17.2
2020-07-31,50-59,540,16.4,528,16.3,1068,16.3
2020-07-31,60-69,314,9.5,349,10.8,663,10.1
2020-07-31,70-79,177,5.4,213,6.6,390,6.0
2020-07-31,≥ 80,93,2.8,102,3.1,195,3.0
2020-07-31,No disponible,3,,2,,5,
2020-07-31,Total,3296,100.0,3247,100.0,6543,100.0
2020-08-01,< 10,135,3.9,130,3.8,265,3.9
2020-08-01,10-19,270,7.8,265,7.8,535,7.8
2020-08-01,20-29,695,20.1,558,16.5,1253,18.3
2020-08-01,30-39,604,17.5,586,17.3,1190,17.4
2020-08-01,40-49,567,16.4,596,17.6,1163,17.0
2020-08-01,50-59,571,16.5,552,16.3,1123,16.4
2020-08-01,60-69,328,9.5,363,10.7,691,10.1
2020-08-01,70-79,185,5.4,221,6.5,406,5.9
2020-08-01,≥ 80,97,2.8,107,3.2,204,3.0
2020-08-01,No disponible,3,,2,,5,
2020-08-01,Total,3455,100.0,3380,100.0,6835,100.0
2020-08-02,< 10,144,4.0,137,3.9,281,4.0
2020-08-02,10-19,280,7.8,281,8.0,561,7.9
2020-08-02,20-29,728,20.3,583,16.6,1311,18.4
2020-08-02,30-39,634,17.7,609,17.3,1243,17.5
2020-08-02,40-49,590,16.4,625,17.8,1215,17.1
2020-08-02,50-59,591,16.5,571,16.2,1162,16.3
2020-08-02,60-69,338,9.4,374,10.6,712,10.0
2020-08-02,70-79,188,5.2,229,6.5,417,5.9
2020-08-02,≥ 80,98,2.7,108,3.1,206,2.9
2020-08-02,No disponible,3,,2,,5,
2020-08-02,Total,3594,100.0,3519,100.0,7113,100.0
2020-08-03,< 10,149,4.0,144,3.9,293,4.0
2020-08-03,10-19,291,7.8,293,8.0,584,7.9
2020-08-03,20-29,762,20.3,614,16.8,1376,18.6
2020-08-03,30-39,663,17.7,636,17.4,1299,17.5
2020-08-03,40-49,615,16.4,645,17.6,1260,17.0
2020-08-03,50-59,615,16.4,588,16.1,1203,16.2
2020-08-03,60-69,353,9.4,387,10.6,740,10.0
2020-08-03,70-79,195,5.2,235,6.4,430,5.8
2020-08-03,≥ 80,107,2.9,116,3.2,223,3.0
2020-08-03,No disponible,3,,2,,5,
2020-08-03,Total,3753,100.0,3660,100.0,7413,100.0
2020-08-04,< 10,153,3.9,154,4.1,307,4.0
2020-08-04,10-19,301,7.7,302,8.0,603,7.9
2020-08-04,20-29,789,20.3,634,16.7,1423,18.5
2020-08-04,30-39,686,17.7,653,17.2,1339,17.4
2020-08-04,40-49,648,16.7,667,17.6,1315,17.1
2020-08-04,50-59,636,16.4,611,16.1,1247,16.2
2020-08-04,60-69,361,9.3,404,10.6,765,10.0
2020-08-04,70-79,200,5.1,246,6.5,446,5.8
2020-08-04,≥ 80,111,2.9,123,3.2,234,3.0
2020-08-04,No disponible,3,,2,,5,
2020-08-04,Total,3888,100.0,3796,100.0,7684,100.0
2020-08-05,< 10,156,4.0,159,4.1,315,4.0
2020-08-05,10-19,304,7.7,305,7.9,611,7.8
2020-08-05,20-29,801,20.3,640,16.5,1441,18.4
2020-08-05,30-39,692,17.6,665,17.2,1357,17.4
2020-08-05,40-49,653,16.6,679,17.5,1333,17.0
2020-08-05,50-59,652,16.5,629,16.2,1281,16.4
2020-08-05,60-69,366,9.3,414,10.7,780,10.0
2020-08-05,70-79,203,5.1,254,6.6,457,5.8
2020-08-05,≥ 80,115,2.9,129,3.3,244,3.1
2020-08-05,No disponible,3,,2,,5,
2020-08-05,Total,3945,100.0,3876,100.0,7824,100.0
2020-08-06,< 10,166,4.0,166,4.1,332,4.0
2020-08-06,10-19,319,7.7,328,8.0,647,7.9
2020-08-06,20-29,836,20.2,682,16.7,1518,18.5
2020-08-06,30-39,724,17.5,705,17.3,1429,17.4
2020-08-06,40-49,696,16.8,712,17.4,1408,17.1
2020-08-06,50-59,681,16.5,654,16.0,1335,16.2
2020-08-06,60-69,381,9.2,434,10.6,815,9.9
2020-08-06,70-79,211,5.1,267,6.5,478,5.8
2020-08-06,≥ 80,124,3.0,138,3.4,262,3.2
2020-08-06,No disponible,3,,3,,6,
2020-08-06,Total,4141,100.0,4089,100.0,8230,100.0
2020-08-07,< 10,180,4.1,177,4.2,357,4.2
2020-08-07,10-19,332,7.7,340,8.0,672,7.8
2020-08-07,20-29,865,19.9,703,16.6,1568,18.3
2020-08-07,30-39,751,17.3,726,17.2,1477,17.2
2020-08-07,40-49,724,16.7,742,17.5,1466,17.1
2020-08-07,50-59,707,16.3,680,16.1,1387,16.2
2020-08-07,60-69,408,9.4,444,10.5,852,9.9
2020-08-07,70-79,232,5.3,274,6.5,506,5.9
2020-08-07,≥ 80,139,3.2,142,3.4,281,3.3
2020-08-07,No disponible,3,,4,,7,
2020-08-07,Total,4341,100.0,4232,100.0,8573,100.0
2020-08-08,< 10,190,4.2,189,4.3,379,4.2
2020-08-08,10-19,348,7.7,359,8.2,707,7.9
2020-08-08,20-29,903,19.9,729,16.6,1632,18.3
2020-08-08,30-39,791,17.4,760,17.3,1551,17.4
2020-08-08,40-49,760,16.7,761,17.3,1521,17.0
2020-08-08,50-59,736,16.2,704,16.0,1440,16.1
2020-08-08,60-69,429,9.5,458,10.4,887,9.9
2020-08-08,70-79,236,5.2,283,6.4,519,5.8
2020-08-08,≥ 80,145,3.2,147,3.3,292,3.3
2020-08-08,No disponible,2,,4,,6,
2020-08-08,Total,4540,100.0,4394,100.0,8934,100.0
2020-08-09,< 10,193,4.1,195,4.3,388,4.2
2020-08-09,10-19,362,7.6,368,8.1,730,7.8
2020-08-09,20-29,943,19.9,762,16.7,1705,18.3
2020-08-09,30-39,827,17.4,798,17.5,1625,17.4
2020-08-09,40-49,800,16.9,792,17.3,1592,17.1
2020-08-09,50-59,779,16.4,743,16.3,1522,16.3
2020-08-09,60-69,452,9.5,473,10.4,925,9.9
2020-08-09,70-79,241,5.1,288,6.3,529,5.7
2020-08-09,≥ 80,148,3.1,149,3.3,297,3.2
2020-08-09,No disponible,2,,4,,6,
2020-08-09,Total,4747,100.0,4572,100.0,9319,100.0
2020-08-10,< 10,201,4.1,207,4.4,408,4.3
2020-08-10,10-19,371,7.6,386,8.2,757,7.9
2020-08-10,20-29,983,20.1,786,16.7,1769,18.4
2020-08-10,30-39,855,17.5,816,17.4,1671,17.4
2020-08-10,40-49,822,16.8,820,17.4,1642,17.1
2020-08-10,50-59,801,16.4,760,16.2,1561,16.3
2020-08-10,60-69,466,9.5,483,10.3,949,9.9
2020-08-10,70-79,248,5.1,291,6.2,539,5.6
2020-08-10,≥ 80,151,3.1,152,3.2,303,3.2
2020-08-10,No disponible,2,,4,,6,
2020-08-10,Total,4900,100.0,4705,100.0,9605,100.0
2020-08-11,< 10,208,4.0,219,4.4,427,4.2
2020-08-11,10-19,387,7.4,403,8.1,790,7.8
2020-08-11,20-29,1044,20.0,827,16.7,1871,18.4
2020-08-11,30-39,914,17.6,862,17.4,1776,17.5
2020-08-11,40-49,877,16.8,869,17.5,1746,17.2
2020-08-11,50-59,843,16.2,797,16.1,1640,16.1
2020-08-11,60-69,503,9.7,511,10.3,1014,10.0
2020-08-11,70-79,270,5.2,307,6.2,577,5.7
2020-08-11,≥ 80,161,3.1,160,3.2,321,3.2
2020-08-11,No disponible,2,,5,,7,
2020-08-11,Total,5209,100.0,4960,100.0,10169,100.0
2020-08-12,< 10,210,4.0,224,4.5,434,4.2
2020-08-12,10-19,390,7.4,402,8.0,792,7.7
2020-08-12,20-29,1045,19.8,839,16.8,1884,18.3
2020-08-12,30-39,929,17.6,864,17.3,1793,17.5
2020-08-12,40-49,887,16.8,880,17.6,1767,17.2
2020-08-12,50-59,859,16.3,803,16.1,1662,16.2
2020-08-12,60-69,509,9.7,514,10.3,1023,10.0
2020-08-12,70-79,278,5.3,310,6.2,588,5.7
2020-08-12,≥ 80,163,3.1,166,3.3,329,3.2
2020-08-12,No disponible,2,,5,,7,
2020-08-12,Total,5272,100.0,5007,100.0,10279,100.0
2020-08-13,< 10,222,4.0,237,4.6,459,4.3
2020-08-13,10-19,412,7.5,422,8.1,834,7.8
2020-08-13,20-29,1087,19.7,874,16.8,1961,18.3
2020-08-13,30-39,967,17.5,896,17.2,1863,17.4
2020-08-13,40-49,929,16.8,920,17.7,1849,17.2
2020-08-13,50-59,893,16.2,826,15.9,1719,16.0
2020-08-13,60-69,540,9.8,536,10.3,1076,10.0
2020-08-13,70-79,291,5.3,318,6.1,609,5.7
2020-08-13,≥ 80,181,3.3,173,3.3,354,3.3
2020-08-13,No disponible,2,,4,,6,
2020-08-13,Total,5524,100.0,5206,100.0,10730,100.0
2020-08-14,< 10,229,4.0,246,4.6,475,4.3
2020-08-14,10-19,426,7.5,431,8.1,857,7.7
2020-08-14,20-29,1135,19.8,892,16.7,2027,18.3
2020-08-14,30-39,999,17.5,917,17.2,1916,17.3
2020-08-14,40-49,961,16.8,952,17.8,1913,17.3
2020-08-14,50-59,912,15.9,852,15.9,1764,15.9
2020-08-14,60-69,560,9.8,550,10.3,1110,10.0
2020-08-14,70-79,308,5.4,327,6.1,635,5.7
2020-08-14,≥ 80,188,3.3,177,3.3,365,3.3
2020-08-14,No disponible,2,,5,,7,
2020-08-14,Total,5720,100.0,5349,100.0,11069,100.0
2020-08-15,< 10,236,4.1,251,4.6,487,4.3
2020-08-15,10-19,434,7.5,438,8.1,872,7.8
2020-08-15,20-29,1149,19.8,907,16.7,2056,18.3
2020-08-15,30-39,1017,17.5,931,17.1,1948,17.3
2020-08-15,40-49,979,16.8,969,17.8,1948,17.3
2020-08-15,50-59,923,15.9,870,16.0,1793,15.9
2020-08-15,60-69,566,9.7,559,10.3,1125,10.0
2020-08-15,70-79,312,5.4,328,6.0,640,5.7
2020-08-15,≥ 80,196,3.4,180,3.3,376,3.3
2020-08-15,No disponible,2,,4,,6,
2020-08-15,Total,5814,100.0,5437,100.0,11251,100.0
2020-08-16,< 10,248,4.1,258,4.6,506,4.3
2020-08-16,10-19,458,7.5,454,8.1,912,7.8
2020-08-16,20-29,1191,19.6,937,16.6,2128,18.2
2020-08-16,30-39,1074,17.6,967,17.2,2041,17.4
2020-08-16,40-49,1032,17.0,1003,17.8,2035,17.4
2020-08-16,50-59,960,15.8,903,16.0,1863,15.9
2020-08-16,60-69,586,9.6,580,10.3,1166,10.0
2020-08-16,70-79,331,5.4,339,6.0,670,5.7
2020-08-16,≥ 80,206,3.4,188,3.3,394,3.4
2020-08-16,No disponible,3,,5,,8,
2020-08-16,Total,6089,100.0,5634,100.0,11723,100.0
2020-08-17,< 10,267,4.1,279,4.7,546,4.4
2020-08-17,10-19,481,7.5,479,8.1,962,7.8
2020-08-17,20-29,1250,19.4,975,16.5,2226,18.0
2020-08-17,30-39,1133,17.6,1021,17.3,2154,17.4
2020-08-17,40-49,1088,16.9,1058,17.9,2146,17.4
2020-08-17,50-59,1011,15.7,945,16.0,1957,15.8
2020-08-17,60-69,626,9.7,600,10.1,1226,9.9
2020-08-17,70-79,358,5.6,359,6.1,717,5.8
2020-08-17,≥ 80,232,3.6,197,3.3,429,3.5
2020-08-17,No disponible,3,,5,,8,
2020-08-17,Total,6449,100.0,5918,100.0,12371,100.0
2020-08-18,< 10,267,4.1,281,4.7,548,4.4
2020-08-18,10-19,484,7.5,484,8.1,968,7.8
2020-08-18,20-29,1256,19.4,979,16.4,2235,18.0
2020-08-18,30-39,1142,17.6,1028,17.3,2170,17.4
2020-08-18,40-49,1094,16.9,1069,18.0,2163,17.4
2020-08-18,50-59,1020,15.7,952,16.0,1972,15.8
2020-08-18,60-69,632,9.7,603,10.1,1235,9.9
2020-08-18,70-79,362,5.6,359,6.0,721,5.8
2020-08-18,≥ 80,233,3.6,199,3.3,432,3.5
2020-08-18,No disponible,3,,5,,8,
2020-08-18,Total,6493,100.0,5959,100.0,12452,100.0
2020-08-19,< 10,271,4.1,285,4.7,556,4.4
2020-08-19,10-19,487,7.4,485,8.1,972,7.7
2020-08-19,20-29,1266,19.3,985,16.4,2251,17.9
2020-08-19,30-39,1149,17.5,1031,17.2,2180,17.3
2020-08-19,40-49,1103,16.8,1079,18.0,2182,17.4
2020-08-19,50-59,1036,15.8,961,16.0,1997,15.9
2020-08-19,60-69,638,9.7,610,10.2,1248,9.9
2020-08-19,70-79,377,5.7,366,6.1,743,5.9
2020-08-19,≥ 80,237,3.6,202,3.4,439,3.5
2020-08-19,No disponible,3,,5,,8,
2020-08-19,Total,6567,100.0,6009,100.0,12576,100.0
2020-08-20,< 10,288,4.2,297,4.8,585,4.5
2020-08-20,10-19,508,7.5,500,8.1,1008,7.8
2020-08-20,20-29,1312,19.3,1013,16.4,2325,17.9
2020-08-20,30-39,1185,17.4,1063,17.2,2248,17.3
2020-08-20,40-49,1143,16.8,1109,17.9,2252,17.3
2020-08-20,50-59,1070,15.7,985,15.9,2055,15.8
2020-08-20,60-69,661,9.7,636,10.3,1297,10.0
2020-08-20,70-79,393,5.8,377,6.1,770,5.9
2020-08-20,≥ 80,250,3.7,215,3.5,465,3.6
2020-08-20,No disponible,3,,6,,9,
2020-08-20,Total,6813,100.0,6201,100.0,13014,100.0
2020-08-21,< 10,292,4.2,302,4.8,594,4.5
2020-08-21,10-19,517,7.4,513,8.1,1030,7.8
2020-08-21,20-29,1337,19.3,1031,16.3,2368,17.8
2020-08-21,30-39,1210,17.4,1085,17.1,2295,17.3
2020-08-21,40-49,1176,16.9,1139,18.0,2315,17.4
2020-08-21,50-59,1090,15.7,1001,15.8,2091,15.8
2020-08-21,60-69,670,9.6,653,10.3,1323,10.0
2020-08-21,70-79,397,5.7,386,6.1,783,5.9
2020-08-21,≥ 80,256,3.7,218,3.4,474,3.6
2020-08-21,No disponible,3,,6,,9,
2020-08-21,Total,6948,100.0,6334,100.0,13282,100.0
2020-08-22,< 10,296,4.2,303,4.7,599,4.4
2020-08-22,10-19,530,7.5,520,8.1,1050,7.8
2020-08-22,20-29,1352,19.1,1034,16.1,2386,17.7
2020-08-22,30-39,1231,17.4,1095,17.1,2326,17.3
2020-08-22,40-49,1193,16.9,1167,18.2,2360,17.5
2020-08-22,50-59,1100,15.6,1008,15.7,2108,15.7
2020-08-22,60-69,684,9.7,660,10.3,1344,10.0
2020-08-22,70-79,405,5.7,394,6.2,799,5.9
2020-08-22,≥ 80,271,3.8,225,3.5,496,3.7
2020-08-22,No disponible,3,,6,,9,
2020-08-22,Total,7065,100.0,6412,100.0,13477,100.0
2020-08-23,< 10,312,4.3,313,4.7,625,4.5
2020-08-23,10-19,555,7.6,532,8.1,1087,7.8
2020-08-23,20-29,1403,19.2,1073,16.3,2476,17.8
2020-08-23,30-39,1265,17.3,1128,17.1,2393,17.2
2020-08-23,40-49,1223,16.7,1200,18.2,2423,17.4
2020-08-23,50-59,1137,15.6,1040,15.8,2177,15.6
2020-08-23,60-69,709,9.7,673,10.2,1382,9.9
2020-08-23,70-79,416,5.7,407,6.2,823,5.9
2020-08-23,≥ 80,290,4.0,236,3.6,526,3.8
2020-08-23,No disponible,3,,7,,10,
2020-08-23,Total,7313,100.0,6609,100.0,13922,100.0
2020-08-24,< 10,315,4.3,316,4.8,631,4.5
2020-08-24,10-19,557,7.6,536,8.1,1093,7.8
2020-08-24,20-29,1410,19.2,1082,16.3,2492,17.8
2020-08-24,30-39,1269,17.3,1131,17.0,2400,17.2
2020-08-24,40-49,1227,16.7,1204,18.1,2431,17.4
2020-08-24,50-59,1142,15.6,1045,15.7,2187,15.6
2020-08-24,60-69,712,9.7,675,10.2,1387,9.9
2020-08-24,70-79,419,5.7,411,6.2,830,5.9
2020-08-24,≥ 80,293,4.0,238,3.6,531,3.8
2020-08-24,No disponible,3,,7,,10,
2020-08-24,Total,7347,100.0,6645,100.0,13992,100.0
2020-08-25,< 10,316,4.3,316,4.8,632,4.5
2020-08-25,10-19,557,7.6,537,8.1,1094,7.8
2020-08-25,20-29,1410,19.2,1083,16.3,2493,17.8
2020-08-25,30-39,1272,17.3,1131,17.0,2403,17.2
2020-08-25,40-49,1228,16.7,1205,18.1,2433,17.4
2020-08-25,50-59,1145,15.6,1045,15.7,2190,15.6
2020-08-25,60-69,713,9.7,678,10.2,1391,9.9
2020-08-25,70-79,419,5.7,411,6.2,830,5.9
2020-08-25,≥ 80,295,4.0,239,3.6,534,3.8
2020-08-25,No disponible,3,,7,,10,
2020-08-25,Total,7358,100.0,6652,100.0,14010,100.0
2020-08-26,< 10,326,4.3,326,4.8,652,4.5
2020-08-26,10-19,582,7.7,553,8.1,1135,7.9
2020-08-26,20-29,1456,19.1,1120,16.3,2576,17.8
2020-08-26,30-39,1311,17.2,1164,17.0,2475,17.1
2020-08-26,40-49,1262,16.6,1248,18.2,2510,17.4
2020-08-26,50-59,1185,15.6,1073,15.7,2258,15.6
2020-08-26,60-69,744,9.8,698,10.2,1442,10.0
2020-08-26,70-79,433,5.7,423,6.2,856,5.9
2020-08-26,≥ 80,307,4.0,247,3.6,554,3.8
2020-08-26,No disponible,4,,7,,11,
2020-08-26,Total,7610,100.0,6859,100.0,14469,100.0
2020-08-27,< 10,330,4.3,335,4.8,665,4.5
2020-08-27,10-19,591,7.6,564,8.1,1155,7.8
2020-08-27,20-29,1484,19.2,1139,16.3,2623,17.8
2020-08-27,30-39,1334,17.2,1178,16.9,2512,17.1
2020-08-27,40-49,1286,16.6,1271,18.2,2557,17.4
2020-08-27,50-59,1201,15.5,1097,15.7,2298,15.6
2020-08-27,60-69,752,9.7,712,10.2,1464,9.9
2020-08-27,70-79,444,5.7,432,6.2,876,6.0
2020-08-27,≥ 80,316,4.1,249,3.6,565,3.8
2020-08-27,No disponible,4,,7,,11,
2020-08-27,Total,7742,100.0,6984,100.0,14726,100.0
2020-08-28,< 10,338,4.3,346,4.9,684,4.6
2020-08-28,10-19,600,7.6,576,8.1,1176,7.9
2020-08-28,20-29,1506,19.1,1153,16.2,2659,17.8
2020-08-28,30-39,1359,17.3,1201,16.9,2560,17.1
2020-08-28,40-49,1314,16.7,1287,18.1,2601,17.4
2020-08-28,50-59,1220,15.5,1119,15.8,2339,15.6
2020-08-28,60-69,761,9.7,728,10.3,1489,9.9
2020-08-28,70-79,451,5.7,438,6.2,889,5.9
2020-08-28,≥ 80,324,4.1,254,3.6,578,3.9
2020-08-28,No disponible,4,,7,,11,
2020-08-28,Total,7877,100.0,7109,100.0,14986,100.0
2020-08-29,< 10,342,4.3,353,4.9,695,4.6
2020-08-29,10-19,611,7.6,589,8.2,1200,7.9
2020-08-29,20-29,1534,19.2,1175,16.3,2709,17.8
2020-08-29,30-39,1374,17.2,1218,16.9,2592,17.0
2020-08-29,40-49,1336,16.7,1307,18.1,2643,17.4
2020-08-29,50-59,1242,15.5,1140,15.8,2382,15.7
2020-08-29,60-69,776,9.7,738,10.2,1514,9.9
2020-08-29,70-79,458,5.7,443,6.1,901,5.9
2020-08-29,≥ 80,327,4.1,256,3.5,583,3.8
2020-08-29,No disponible,4,,6,,10,
2020-08-29,Total,8004,100.0,7225,100.0,15229,100.0
2020-08-30,< 10,348,4.3,357,4.9,705,4.6
2020-08-30,10-19,619,7.6,602,8.2,1221,7.9
2020-08-30,20-29,1552,19.1,1188,16.2,2740,17.7
2020-08-30,30-39,1402,17.2,1243,16.9,2645,17.1
2020-08-30,40-49,1354,16.7,1324,18.1,2678,17.3
2020-08-30,50-59,1263,15.5,1161,15.8,2424,15.7
2020-08-30,60-69,791,9.7,753,10.3,1544,10.0
2020-08-30,70-79,469,5.8,447,6.1,916,5.9
2020-08-30,≥ 80,333,4.1,259,3.5,592,3.8
2020-08-30,No disponible,5,,6,,11,
2020-08-30,Total,8136,100.0,7340,100.0,15476,100.0
2020-08-31,< 10,351,4.3,357,4.8,708,4.5
2020-08-31,10-19,623,7.6,604,8.2,1227,7.9
2020-08-31,20-29,1562,19.1,1197,16.2,2759,17.7
2020-08-31,30-39,1406,17.2,1252,16.9,2658,17.1
2020-08-31,40-49,1359,16.6,1335,18.1,2694,17.3
2020-08-31,50-59,1272,15.6,1172,15.9,2444,15.7
2020-08-31,60-69,794,9.7,760,10.3,1554,10.0
2020-08-31,70-79,473,5.8,454,6.1,927,6.0
2020-08-31,≥ 80,340,4.2,262,3.5,602,3.9
2020-08-31,No disponible,5,,6,,11,
2020-08-31,Total,8185,100.0,7399,100.0,15584,100.0
2020-09-01,< 10,364,4.4,368,4.8,732,4.6
2020-09-01,10-19,636,7.6,623,8.2,1259,7.9
2020-09-01,20-29,1584,19.0,1237,16.3,2821,17.7
2020-09-01,30-39,1444,17.3,1282,16.9,2726,17.1
2020-09-01,40-49,1385,16.6,1375,18.1,2760,17.3
2020-09-01,50-59,1292,15.5,1205,15.9,2497,15.7
2020-09-01,60-69,804,9.6,775,10.2,1579,9.9
2020-09-01,70-79,484,5.8,465,6.1,949,6.0
2020-09-01,≥ 80,342,4.1,266,3.5,608,3.8
2020-09-01,No disponible,5,,6,,11,
2020-09-01,Total,8340,100.0,7602,100.0,15942,100.0
2020-09-02,< 10,367,4.3,369,4.9,736,4.6
2020-09-02,10-19,648,7.7,618,8.1,1266,7.9
2020-09-02,20-29,1623,19.2,1227,16.2,2850,17.7
2020-09-02,30-39,1451,17.1,1296,17.1,2747,17.1
2020-09-02,40-49,1414,16.7,1372,18.1,2786,17.3
2020-09-02,50-59,1311,15.5,1201,15.8,2512,15.6
2020-09-02,60-69,818,9.7,772,10.2,1590,9.9
2020-09-02,70-79,488,5.8,470,6.2,958,6.0
2020-09-02,≥ 80,348,4.1,266,3.5,614,3.8
2020-09-02,No disponible,4,,6,,10,
2020-09-02,Total,8472,100.0,7597,100.0,16069,100.0
2020-09-03,< 10,366,4.3,372,4.9,738,4.6
2020-09-03,10-19,652,7.7,618,8.1,1270,7.9
2020-09-03,20-29,1627,19.2,1230,16.2,2857,17.8
2020-09-03,30-39,1456,17.2,1301,17.1,2757,17.1
2020-09-03,40-49,1416,16.7,1374,18.1,2790,17.3
2020-09-03,50-59,1313,15.5,1202,15.8,2515,15.6
2020-09-03,60-69,818,9.6,773,10.2,1591,9.9
2020-09-03,70-79,489,5.8,471,6.2,960,6.0
2020-09-03,≥ 80,349,4.1,266,3.5,615,3.8
2020-09-03,No disponible,4,,4,,8,
2020-09-03,Total,8490,100.0,7611,100.0,16101,100.0
2020-09-04,< 10,370,4.3,377,4.9,747,4.6
2020-09-04,10-19,658,7.7,623,8.1,1281,7.9
2020-09-04,20-29,1637,19.1,1239,16.1,2876,17.7
2020-09-04,30-39,1468,17.2,1315,17.1,2783,17.1
2020-09-04,40-49,1426,16.7,1382,18.0,2808,17.3
2020-09-04,50-59,1319,15.4,1216,15.8,2535,15.6
2020-09-04,60-69,826,9.7,784,10.2,1610,9.9
2020-09-04,70-79,495,5.8,476,6.2,971,6.0
2020-09-04,≥ 80,353,4.1,271,3.5,624,3.8
2020-09-04,No disponible,4,,4,,8,
2020-09-04,Total,8556,100.0,7687,100.0,16243,100.0
2020-09-05,< 10,370,4.3,377,4.9,747,4.6
2020-09-05,10-19,658,7.7,624,8.1,1282,7.9
2020-09-05,20-29,1638,19.1,1242,16.1,2880,17.7
2020-09-05,30-39,1472,17.2,1316,17.1,2788,17.1
2020-09-05,40-49,1429,16.7,1384,18.0,2813,17.3
2020-09-05,50-59,1322,15.4,1215,15.8,2537,15.6
2020-09-05,60-69,830,9.7,787,10.2,1617,9.9
2020-09-05,70-79,496,5.8,477,6.2,973,6.0
2020-09-05,≥ 80,352,4.1,272,3.5,624,3.8
2020-09-05,No disponible,4,,4,,8,
2020-09-05,Total,8571,100.0,7698,100.0,16269,100.0
2020-09-06,< 10,379,4.3,384,4.9,763,4.6
2020-09-06,10-19,672,7.6,642,8.2,1314,7.9
2020-09-06,20-29,1683,19.1,1266,16.1,2949,17.7
2020-09-06,30-39,1510,17.1,1345,17.1,2855,17.1
2020-09-06,40-49,1472,16.7,1421,18.0,2893,17.3
2020-09-06,50-59,1364,15.5,1243,15.8,2607,15.6
2020-09-06,60-69,855,9.7,803,10.2,1658,9.9
2020-09-06,70-79,512,5.8,488,6.2,1000,6.0
2020-09-06,≥ 80,362,4.1,283,3.6,645,3.9
2020-09-06,No disponible,4,,4,,8,
2020-09-06,Total,8813,100.0,7879,100.0,16692,100.0
2020-09-07,< 10,385,4.3,385,4.9,770,4.6
2020-09-07,10-19,674,7.6,643,8.1,1317,7.8
2020-09-07,20-29,1692,19.1,1272,16.1,2964,17.7
2020-09-07,30-39,1512,17.0,1350,17.1,2862,17.1
2020-09-07,40-49,1486,16.8,1426,18.0,2912,17.4
2020-09-07,50-59,1374,15.5,1248,15.8,2622,15.6
2020-09-07,60-69,864,9.7,810,10.2,1674,10.0
2020-09-07,70-79,517,5.8,491,6.2,1008,6.0
2020-09-07,≥ 80,367,4.1,284,3.6,651,3.9
2020-09-07,No disponible,4,,4,,8,
2020-09-07,Total,8875,100.0,7913,100.0,16788,100.0
2020-09-08,< 10,385,4.3,385,4.9,770,4.6
2020-09-08,10-19,674,7.6,643,8.1,1317,7.8
2020-09-08,20-29,1692,19.1,1272,16.1,2964,17.7
2020-09-08,30-39,1512,17.0,1350,17.1,2862,17.1
2020-09-08,40-49,1486,16.7,1426,18.0,2912,17.4
2020-09-08,50-59,1375,15.5,1248,15.8,2623,15.6
2020-09-08,60-69,864,9.7,810,10.2,1674,10.0
2020-09-08,70-79,517,5.8,491,6.2,1008,6.0
2020-09-08,≥ 80,367,4.1,284,3.6,651,3.9
2020-09-08,No disponible,4,,4,,8,
2020-09-08,Total,8876,100.0,7913,100.0,16789,100.0
2020-09-09,< 10,409,4.5,391,4.8,800,4.6
2020-09-09,10-19,686,7.5,662,8.2,1348,7.8
2020-09-09,20-29,1745,19.1,1305,16.1,3050,17.7
2020-09-09,30-39,1553,17.0,1378,17.0,2931,17.0
2020-09-09,40-49,1527,16.7,1457,18.0,2984,17.3
2020-09-09,50-59,1422,15.6,1275,15.7,2697,15.6
2020-09-09,60-69,894,9.8,830,10.2,1724,10.0
2020-09-09,70-79,532,5.8,514,6.3,1046,6.1
2020-09-09,≥ 80,371,4.1,286,3.5,657,3.8
2020-09-09,No disponible,6,,5,,11,
2020-09-09,Total,9145,100.0,8103,100.0,17248,100.0
2020-09-10,< 10,410,4.5,393,4.8,803,4.6
2020-09-10,10-19,690,7.5,660,8.1,1350,7.8
2020-09-10,20-29,1755,19.1,1314,16.1,3069,17.7
2020-09-10,30-39,1562,17.0,1386,17.0,2948,17.0
2020-09-10,40-49,1534,16.7,1472,18.1,3006,17.3
2020-09-10,50-59,1436,15.6,1281,15.7,2717,15.7
2020-09-10,60-69,897,9.8,833,10.2,1730,10.0
2020-09-10,70-79,538,5.9,519,6.4,1057,6.1
2020-09-10,≥ 80,374,4.1,292,3.6,666,3.8
2020-09-10,No disponible,6,,5,,11,
2020-09-10,Total,9202,100.0,8155,100.0,17357,100.0
2020-09-11,< 10,417,4.5,399,4.8,816,4.6
2020-09-11,10-19,701,7.5,667,8.1,1368,7.8
2020-09-11,20-29,1779,19.1,1332,16.1,3111,17.7
2020-09-11,30-39,1586,17.0,1405,17.0,2991,17.0
2020-09-11,40-49,1550,16.6,1492,18.1,3042,17.3
2020-09-11,50-59,1458,15.6,1293,15.7,2751,15.6
2020-09-11,60-69,910,9.8,849,10.3,1759,10.0
2020-09-11,70-79,548,5.9,525,6.4,1073,6.1
2020-09-11,≥ 80,380,4.1,296,3.6,676,3.8
2020-09-11,No disponible,6,,5,,11,
2020-09-11,Total,9335,100.0,8263,100.0,17598,100.0
2020-09-12,< 10,419,4.4,402,4.8,821,4.6
2020-09-12,10-19,707,7.5,675,8.1,1382,7.8
2020-09-12,20-29,1796,19.1,1343,16.1,3139,17.7
2020-09-12,30-39,1598,17.0,1419,17.0,3017,17.0
2020-09-12,40-49,1569,16.6,1504,18.0,3073,17.3
2020-09-12,50-59,1466,15.6,1303,15.6,2769,15.6
2020-09-12,60-69,921,9.8,854,10.2,1775,10.0
2020-09-12,70-79,555,5.9,531,6.4,1086,6.1
2020-09-12,≥ 80,395,4.2,304,3.6,699,3.9
2020-09-12,No disponible,4,,4,,8,
2020-09-12,Total,9430,100.0,8339,100.0,17769,100.0
2020-09-13,< 10,421,4.4,407,4.8,828,4.6
2020-09-13,10-19,716,7.5,683,8.1,1400,7.8
2020-09-13,20-29,1816,19.0,1362,16.1,3178,17.7
2020-09-13,30-39,1621,17.0,1433,17.0,3054,17.0
2020-09-13,40-49,1586,16.6,1515,18.0,3101,17.3
2020-09-13,50-59,1481,15.5,1324,15.7,2805,15.6
2020-09-13,60-69,935,9.8,866,10.3,1801,10.0
2020-09-13,70-79,561,5.9,538,6.4,1099,6.1
2020-09-13,≥ 80,397,4.2,306,3.6,703,3.9
2020-09-13,No disponible,4,,4,,8,
2020-09-13,Total,9538,100.0,8438,100.0,17977,100.0
2020-09-14,< 10,427,4.4,413,4.8,840,4.6
2020-09-14,10-19,725,7.5,689,8.1,1414,7.8
2020-09-14,20-29,1842,19.1,1375,16.1,3217,17.7
2020-09-14,30-39,1643,17.0,1462,17.1,3105,17.1
2020-09-14,40-49,1606,16.6,1530,17.9,3136,17.2
2020-09-14,50-59,1501,15.6,1338,15.7,2839,15.6
2020-09-14,60-69,944,9.8,879,10.3,1823,10.0
2020-09-14,70-79,565,5.9,551,6.4,1116,6.1
2020-09-14,≥ 80,397,4.1,312,3.6,709,3.9
2020-09-14,No disponible,4,,3,,7,
2020-09-14,Total,9654,100.0,8552,100.0,18206,100.0
2020-09-15,< 10,427,4.4,415,4.8,842,4.6
2020-09-15,10-19,727,7.5,690,8.0,1417,7.8
2020-09-15,20-29,1842,19.1,1379,16.1,3221,17.7
2020-09-15,30-39,1649,17.1,1464,17.1,3113,17.1
2020-09-15,40-49,1613,16.7,1534,17.9,3147,17.2
2020-09-15,50-59,1502,15.5,1347,15.7,2849,15.6
2020-09-15,60-69,950,9.8,880,10.3,1830,10.0
2020-09-15,70-79,565,5.8,553,6.4,1118,6.1
2020-09-15,≥ 80,394,4.1,314,3.7,708,3.9
2020-09-15,No disponible,4,,3,,7,
2020-09-15,Total,9673,100.0,8579,100.0,18252,100.0
2020-09-16,< 10,441,4.5,422,4.8,863,4.6
2020-09-16,10-19,742,7.5,711,8.1,1453,7.8
2020-09-16,20-29,1898,19.2,1405,16.0,3303,17.7
2020-09-16,30-39,1674,17.0,1501,17.1,3175,17.0
2020-09-16,40-49,1640,16.6,1562,17.8,3202,17.2
2020-09-16,50-59,1525,15.5,1371,15.7,2896,15.5
2020-09-16,60-69,974,9.9,901,10.3,1875,10.1
2020-09-16,70-79,575,5.8,564,6.4,1139,6.1
2020-09-16,≥ 80,400,4.1,321,3.7,721,3.9
2020-09-16,No disponible,4,,3,,7,
2020-09-16,Total,9873,100.0,8761,100.0,18634,100.0
2020-09-17,< 10,454,4.5,430,4.8,884,4.6
2020-09-17,10-19,750,7.4,727,8.1,1477,7.7
2020-09-17,20-29,1945,19.2,1437,16.0,3382,17.7
2020-09-17,30-39,1720,17.0,1531,17.1,3251,17.0
2020-09-17,40-49,1686,16.6,1602,17.9,3288,17.2
2020-09-17,50-59,1575,15.5,1412,15.8,2987,15.6
2020-09-17,60-69,1004,9.9,919,10.3,1923,10.1
2020-09-17,70-79,596,5.9,576,6.4,1172,6.1
2020-09-17,≥ 80,415,4.1,327,3.6,742,3.9
2020-09-17,No disponible,4,,3,,7,
2020-09-17,Total,10149,100.0,8964,100.0,19113,100.0
2020-09-18,< 10,471,4.5,441,4.8,912,4.6
2020-09-18,10-19,769,7.3,741,8.0,1510,7.6
2020-09-18,20-29,2016,19.1,1486,16.1,3502,17.7
2020-09-18,30-39,1791,17.0,1589,17.2,3380,17.1
2020-09-18,40-49,1758,16.7,1652,17.9,3410,17.2
2020-09-18,50-59,1628,15.5,1463,15.8,3091,15.6
2020-09-18,60-69,1047,9.9,952,10.3,1999,10.1
2020-09-18,70-79,625,5.9,593,6.4,1218,6.2
2020-09-18,≥ 80,432,4.1,336,3.6,768,3.9
2020-09-18,No disponible,10,,7,,17,
2020-09-18,Total,10547,100.0,9260,100.0,19807,100.0
2020-09-19,< 10,477,4.5,457,4.9,934,4.7
2020-09-19,10-19,786,7.4,750,8.0,1536,7.7
2020-09-19,20-29,2044,19.1,1503,16.0,3547,17.7
2020-09-19,30-39,1818,17.0,1601,17.1,3419,17.0
2020-09-19,40-49,1783,16.7,1674,17.9,3457,17.2
2020-09-19,50-59,1647,15.4,1484,15.8,3131,15.6
2020-09-19,60-69,1064,10.0,962,10.3,2026,10.1
2020-09-19,70-79,629,5.9,604,6.4,1233,6.1
2020-09-19,≥ 80,439,4.1,338,3.6,777,3.9
2020-09-19,No disponible,5,,4,,9,
2020-09-19,Total,10692,100.0,9377,100.0,20069,100.0
2020-09-20,< 10,483,4.5,463,4.9,946,4.7
2020-09-20,10-19,797,7.4,766,8.1,1563,7.7
2020-09-20,20-29,2062,19.1,1517,16.0,3579,17.6
2020-09-20,30-39,1838,17.0,1622,17.1,3460,17.0
2020-09-20,40-49,1808,16.7,1691,17.8,3499,17.2
2020-09-20,50-59,1666,15.4,1506,15.9,3172,15.6
2020-09-20,60-69,1081,10.0,968,10.2,2049,10.1
2020-09-20,70-79,637,5.9,613,6.5,1250,6.2
2020-09-20,≥ 80,443,4.1,341,3.6,784,3.9
2020-09-20,No disponible,5,,4,,9,
2020-09-20,Total,10820,100.0,9491,100.0,20311,100.0
2020-09-21,< 10,487,4.5,467,4.9,954,4.7
2020-09-21,10-19,799,7.4,768,8.1,1567,7.7
2020-09-21,20-29,2071,19.1,1523,16.0,3594,17.6
2020-09-21,30-39,1844,17.0,1627,17.1,3471,17.0
2020-09-21,40-49,1817,16.7,1697,17.8,3514,17.2
2020-09-21,50-59,1674,15.4,1509,15.8,3183,15.6
2020-09-21,60-69,1083,10.0,976,10.2,2059,10.1
2020-09-21,70-79,641,5.9,615,6.5,1256,6.2
2020-09-21,≥ 80,448,4.1,344,3.6,792,3.9
2020-09-21,No disponible,5,,4,,9,
2020-09-21,Total,10869,100.0,9530,100.0,20399,100.0
2020-09-22,< 10,487,4.5,469,4.9,956,4.7
2020-09-22,10-19,802,7.4,770,8.1,1572,7.7
2020-09-22,20-29,2073,19.0,1525,16.0,3598,17.6
2020-09-22,30-39,1848,17.0,1630,17.1,3478,17.0
2020-09-22,40-49,1821,16.7,1697,17.8,3518,17.2
2020-09-22,50-59,1681,15.4,1511,15.8,3192,15.6
2020-09-22,60-69,1085,10.0,976,10.2,2061,10.1
2020-09-22,70-79,642,5.9,617,6.5,1259,6.2
2020-09-22,≥ 80,451,4.1,345,3.6,796,3.9
2020-09-22,No disponible,5,,4,,9,
2020-09-22,Total,10895,100.0,9544,100.0,20439,100.0
2020-09-23,< 10,501,4.4,491,5.0,992,4.7
2020-09-23,10-19,832,7.4,802,8.1,1634,7.7
2020-09-23,20-29,2148,19.0,1583,16.1,3731,17.6
2020-09-23,30-39,1905,16.9,1684,17.1,3589,17.0
2020-09-23,40-49,1886,16.7,1742,17.7,3628,17.2
2020-09-23,50-59,1755,15.5,1562,15.9,3317,15.7
2020-09-23,60-69,1134,10.0,1007,10.2,2141,10.1
2020-09-23,70-79,673,6.0,634,6.4,1307,6.2
2020-09-23,≥ 80,457,4.0,348,3.5,805,3.8
2020-09-23,No disponible,5,,7,,12,
2020-09-23,Total,11296,100.0,9860,100.0,21156,100.0
2020-09-24,< 10,514,4.4,507,5.0,1021,4.7
2020-09-24,10-19,854,7.3,825,8.1,1679,7.7
2020-09-24,20-29,2214,19.0,1631,16.0,3845,17.6
2020-09-24,30-39,1972,16.9,1739,17.1,3711,17.0
2020-09-24,40-49,1964,16.8,1801,17.7,3765,17.2
2020-09-24,50-59,1816,15.6,1627,16.0,3443,15.8
2020-09-24,60-69,1181,10.1,1037,10.2,2218,10.1
2020-09-24,70-79,700,6.0,656,6.4,1356,6.2
2020-09-24,≥ 80,463,4.0,356,3.5,819,3.7
2020-09-24,No disponible,5,,6,,11,
2020-09-24,Total,11683,100.0,10185,100.0,21868,100.0
2020-09-25,< 10,526,4.4,514,5.0,1040,4.7
2020-09-25,10-19,869,7.3,836,8.1,1705,7.7
2020-09-25,20-29,2242,18.9,1655,16.1,3897,17.6
2020-09-25,30-39,2003,16.9,1750,17.0,3753,16.9
2020-09-25,40-49,1995,16.8,1824,17.7,3819,17.2
2020-09-25,50-59,1847,15.6,1646,16.0,3493,15.8
2020-09-25,60-69,1195,10.1,1048,10.2,2243,10.1
2020-09-25,70-79,711,6.0,661,6.4,1372,6.2
2020-09-25,≥ 80,468,3.9,363,3.5,831,3.8
2020-09-25,No disponible,6,,5,,11,
2020-09-25,Total,11862,100.0,10302,100.0,22164,100.0
2020-09-26,< 10,540,4.4,532,5.0,1072,4.7
2020-09-26,10-19,887,7.3,855,8.1,1742,7.7
2020-09-26,20-29,2289,18.9,1688,16.0,3977,17.5
2020-09-26,30-39,2052,16.9,1798,17.1,3850,17.0
2020-09-26,40-49,2056,16.9,1865,17.7,3921,17.3
2020-09-26,50-59,1887,15.5,1682,16.0,3569,15.7
2020-09-26,60-69,1228,10.1,1080,10.2,2308,10.2
2020-09-26,70-79,730,6.0,672,6.4,1402,6.2
2020-09-26,≥ 80,474,3.9,369,3.5,843,3.7
2020-09-26,No disponible,7,,6,,13,
2020-09-26,Total,12150,100.0,10547,100.0,22697,100.0
2020-09-27,< 10,561,4.5,552,5.1,1113,4.8
2020-09-27,10-19,929,7.4,885,8.2,1814,7.8
2020-09-27,20-29,2356,18.8,1751,16.2,4107,17.6
2020-09-27,30-39,2105,16.8,1856,17.1,3961,17.0
2020-09-27,40-49,2119,16.9,1912,17.6,4031,17.3
2020-09-27,50-59,1943,15.5,1721,15.9,3664,15.7
2020-09-27,60-69,1254,10.0,1103,10.2,2357,10.1
2020-09-27,70-79,745,6.0,683,6.3,1428,6.1
2020-09-27,≥ 80,491,3.9,377,3.5,868,3.7
2020-09-27,No disponible,7,,7,,14,
2020-09-27,Total,12510,100.0,10847,100.0,23357,100.0
2020-09-28,< 10,573,4.5,563,5.1,1136,4.8
2020-09-28,10-19,943,7.4,910,8.3,1853,7.8
2020-09-28,20-29,2392,18.7,1784,16.2,4176,17.6
2020-09-28,30-39,2140,16.8,1876,17.0,4016,16.9
2020-09-28,40-49,2165,17.0,1939,17.6,4104,17.3
2020-09-28,50-59,1979,15.5,1745,15.8,3724,15.7
2020-09-28,60-69,1289,10.1,1130,10.2,2419,10.2
2020-09-28,70-79,776,6.1,700,6.3,1476,6.2
2020-09-28,≥ 80,503,3.9,380,3.4,883,3.7
2020-09-28,No disponible,7,,7,,14,
2020-09-28,Total,12767,100.0,11034,100.0,23801,100.0
2020-09-29,< 10,578,4.5,571,5.1,1149,4.8
2020-09-29,10-19,951,7.4,919,8.3,1870,7.8
2020-09-29,20-29,2407,18.7,1794,16.1,4201,17.5
2020-09-29,30-39,2153,16.8,1884,16.9,4037,16.8
2020-09-29,40-49,2179,17.0,1956,17.6,4135,17.2
2020-09-29,50-59,1988,15.5,1756,15.8,3744,15.6
2020-09-29,60-69,1305,10.2,1144,10.3,2449,10.2
2020-09-29,70-79,783,6.1,719,6.5,1502,6.3
2020-09-29,≥ 80,509,4.0,385,3.5,894,3.7
2020-09-29,No disponible,10,,9,,19,
2020-09-29,Total,12863,100.0,11137,100.0,24000,100.0
2020-09-30,< 10,586,4.5,576,5.1,1162,4.8
2020-09-30,10-19,959,7.4,925,8.3,1884,7.8
2020-09-30,20-29,2424,18.7,1802,16.1,4226,17.5
2020-09-30,30-39,2175,16.8,1896,16.9,4071,16.9
2020-09-30,40-49,2188,16.9,1962,17.5,4150,17.2
2020-09-30,50-59,2004,15.5,1772,15.8,3776,15.6
2020-09-30,60-69,1313,10.1,1154,10.3,2467,10.2
2020-09-30,70-79,791,6.1,724,6.5,1515,6.3
2020-09-30,≥ 80,514,4.0,392,3.5,906,3.8
2020-09-30,No disponible,10,,9,,19,
2020-09-30,Total,12964,100.0,11212,100.0,24176,100.0
2020-10-01,< 10,596,4.5,585,5.2,1181,4.8
2020-10-01,10-19,977,7.4,936,8.3,1913,7.8
2020-10-01,20-29,2456,18.7,1823,16.1,4279,17.5
2020-10-01,30-39,2199,16.7,1919,16.9,4118,16.8
2020-10-01,40-49,2219,16.9,1992,17.6,4211,17.2
2020-10-01,50-59,2038,15.5,1794,15.8,3832,15.6
2020-10-01,60-69,1339,10.2,1164,10.3,2503,10.2
2020-10-01,70-79,803,6.1,733,6.5,1536,6.3
2020-10-01,≥ 80,520,4.0,393,3.5,913,3.7
2020-10-01,No disponible,10,,9,,19,
2020-10-01,Total,13157,100.0,11348,100.0,24505,100.0
2020-10-02,< 10,604,4.5,593,5.2,1197,4.8
2020-10-02,10-19,987,7.4,950,8.3,1937,7.8
2020-10-02,20-29,2493,18.7,1847,16.1,4340,17.5
2020-10-02,30-39,2225,16.7,1938,16.9,4163,16.8
2020-10-02,40-49,2239,16.8,2017,17.6,4256,17.2
2020-10-02,50-59,2066,15.5,1811,15.8,3877,15.6
2020-10-02,60-69,1351,10.2,1183,10.3,2534,10.2
2020-10-02,70-79,810,6.1,739,6.4,1549,6.3
2020-10-02,≥ 80,530,4.0,400,3.5,930,3.8
2020-10-02,No disponible,12,,9,,21,
2020-10-02,Total,13317,100.0,11487,100.0,24804,100.0
2020-10-03,< 10,610,4.5,596,5.1,1206,4.8
2020-10-03,10-19,1000,7.4,960,8.3,1960,7.8
2020-10-03,20-29,2518,18.7,1862,16.1,4380,17.5
2020-10-03,30-39,2243,16.7,1953,16.9,4196,16.8
2020-10-03,40-49,2261,16.8,2035,17.6,4296,17.2
2020-10-03,50-59,2093,15.6,1829,15.8,3922,15.7
2020-10-03,60-69,1358,10.1,1188,10.3,2546,10.2
2020-10-03,70-79,821,6.1,747,6.5,1568,6.3
2020-10-03,≥ 80,536,4.0,403,3.5,939,3.8
2020-10-03,No disponible,12,,9,,21,
2020-10-03,Total,13452,100.0,11582,100.0,25034,100.0
2020-10-04,< 10,622,4.6,609,5.2,1231,4.9
2020-10-04,10-19,1012,7.4,974,8.3,1986,7.8
2020-10-04,20-29,2548,18.7,1889,16.1,4437,17.5
2020-10-04,30-39,2275,16.7,1976,16.8,4251,16.8
2020-10-04,40-49,2301,16.9,2062,17.6,4363,17.2
2020-10-04,50-59,2132,15.6,1854,15.8,3986,15.7
2020-10-04,60-69,1371,10.1,1207,10.3,2578,10.2
2020-10-04,70-79,834,6.1,755,6.4,1589,6.3
2020-10-04,≥ 80,544,4.0,409,3.5,953,3.8
2020-10-04,No disponible,12,,11,,23,
2020-10-04,Total,13651,100.0,11746,100.0,25397,100.0
2020-10-05,< 10,628,4.6,618,5.2,1246,4.9
2020-10-05,10-19,1021,7.4,985,8.3,2006,7.8
2020-10-05,20-29,2568,18.7,1918,16.2,4486,17.5
2020-10-05,30-39,2296,16.7,1999,16.9,4295,16.8
2020-10-05,40-49,2326,16.9,2077,17.5,4403,17.2
2020-10-05,50-59,2148,15.6,1867,15.8,4015,15.7
2020-10-05,60-69,1388,10.1,1216,10.3,2604,10.2
2020-10-05,70-79,834,6.1,760,6.4,1594,6.2
2020-10-05,≥ 80,549,4.0,413,3.5,962,3.8
2020-10-05,No disponible,13,,11,,24,
2020-10-05,Total,13771,100.0,11864,100.0,25635,100.0
2020-10-06,< 10,628,4.6,618,5.2,1246,4.9
2020-10-06,10-19,1022,7.4,986,8.3,2008,7.8
2020-10-06,20-29,2570,18.7,1920,16.2,4490,17.5
2020-10-06,30-39,2296,16.7,2000,16.9,4296,16.8
2020-10-06,40-49,2328,16.9,2077,17.5,4405,17.2
2020-10-06,50-59,2151,15.6,1870,15.8,4021,15.7
2020-10-06,60-69,1389,10.1,1218,10.3,2607,10.2
2020-10-06,70-79,834,6.1,760,6.4,1594,6.2
2020-10-06,≥ 80,552,4.0,415,3.5,967,3.8
2020-10-06,No disponible,13,,11,,24,
2020-10-06,Total,13783,100.0,11875,100.0,25658,100.0
2020-10-07,< 10,637,4.6,632,5.3,1269,4.9
2020-10-07,10-19,1039,7.4,999,8.3,2038,7.8
2020-10-07,20-29,2608,18.7,1943,16.2,4551,17.5
2020-10-07,30-39,2329,16.7,2017,16.8,4346,16.7
2020-10-07,40-49,2368,16.9,2096,17.5,4464,17.2
2020-10-07,50-59,2178,15.6,1893,15.8,4071,15.7
2020-10-07,60-69,1411,10.1,1232,10.3,2643,10.2
2020-10-07,70-79,850,6.1,774,6.4,1624,6.2
2020-10-07,≥ 80,556,4.0,424,3.5,980,3.8
2020-10-07,No disponible,12,,12,,24,
2020-10-07,Total,13988,100.0,12022,100.0,26010,100.0
2020-10-08,< 10,645,4.6,640,5.3,1285,4.9
2020-10-08,10-19,1050,7.4,1005,8.3,2055,7.8
2020-10-08,20-29,2645,18.7,1966,16.2,4611,17.5
2020-10-08,30-39,2363,16.7,2035,16.8,4398,16.7
2020-10-08,40-49,2396,16.9,2122,17.5,4518,17.2
2020-10-08,50-59,2211,15.6,1911,15.7,4122,15.7
2020-10-08,60-69,1427,10.1,1254,10.3,2681,10.2
2020-10-08,70-79,858,6.1,785,6.5,1643,6.2
2020-10-08,≥ 80,562,4.0,427,3.5,989,3.8
2020-10-08,No disponible,12,,12,,24,
2020-10-08,Total,14169,100.0,12157,100.0,26326,100.0
2020-10-09,< 10,651,4.6,647,5.3,1298,4.9
2020-10-09,10-19,1063,7.4,1019,8.3,2082,7.8
2020-10-09,20-29,2667,18.7,1978,16.1,4645,17.5
2020-10-09,30-39,2385,16.7,2055,16.8,4440,16.7
2020-10-09,40-49,2415,16.9,2142,17.5,4557,17.2
2020-10-09,50-59,2233,15.6,1927,15.7,4160,15.7
2020-10-09,60-69,1436,10.1,1260,10.3,2696,10.2
2020-10-09,70-79,868,6.1,792,6.5,1660,6.3
2020-10-09,≥ 80,564,3.9,432,3.5,996,3.8
2020-10-09,No disponible,12,,12,,24,
2020-10-09,Total,14294,100.0,12264,100.0,26558,100.0
2020-10-10,< 10,661,4.6,653,5.3,1314,4.9
2020-10-10,10-19,1073,7.4,1027,8.3,2100,7.8
2020-10-10,20-29,2685,18.6,1995,16.2,4680,17.5
2020-10-10,30-39,2412,16.7,2074,16.8,4486,16.8
2020-10-10,40-49,2441,16.9,2156,17.5,4597,17.2
2020-10-10,50-59,2255,15.6,1943,15.7,4198,15.7
2020-10-10,60-69,1444,10.0,1264,10.2,2708,10.1
2020-10-10,70-79,871,6.0,796,6.4,1667,6.2
2020-10-10,≥ 80,567,3.9,435,3.5,1002,3.7
2020-10-10,No disponible,12,,12,,24,
2020-10-10,Total,14421,100.0,12355,100.0,26776,100.0
2020-10-11,< 10,668,4.6,658,5.3,1326,4.9
2020-10-11,10-19,1081,7.4,1033,8.3,2114,7.8
2020-10-11,20-29,2712,18.7,2013,16.2,4725,17.5
2020-10-11,30-39,2434,16.7,2085,16.8,4519,16.8
2020-10-11,40-49,2455,16.9,2175,17.5,4630,17.2
2020-10-11,50-59,2272,15.6,1962,15.8,4234,15.7
2020-10-11,60-69,1460,10.0,1276,10.3,2736,10.1
2020-10-11,70-79,875,6.0,804,6.5,1679,6.2
2020-10-11,≥ 80,576,4.0,440,3.5,1016,3.8
2020-10-11,No disponible,12,,13,,25,
2020-10-11,Total,14545,100.0,12459,100.0,27004,100.0
2020-10-12,< 10,669,4.6,665,5.3,1334,4.9
2020-10-12,10-19,1093,7.5,1042,8.3,2135,7.9
2020-10-12,20-29,2724,18.6,2024,16.2,4748,17.5
2020-10-12,30-39,2449,16.8,2097,16.8,4546,16.8
2020-10-12,40-49,2466,16.9,2181,17.4,4647,17.1
2020-10-12,50-59,2291,15.7,1967,15.7,4258,15.7
2020-10-12,60-69,1465,10.0,1280,10.2,2745,10.1
2020-10-12,70-79,877,6.0,805,6.4,1682,6.2
2020-10-12,≥ 80,578,4.0,441,3.5,1019,3.8
2020-10-12,No disponible,12,,13,,25,
2020-10-12,Total,14624,100.0,12515,100.0,27139,100.0
2020-10-13,< 10,683,4.6,685,5.4,1368,5.0
2020-10-13,10-19,1123,7.6,1063,8.3,2186,7.9
2020-10-13,20-29,2772,18.7,2061,16.2,4833,17.5
2020-10-13,30-39,2494,16.8,2139,16.8,4633,16.8
2020-10-13,40-49,2494,16.8,2214,17.4,4708,17.1
2020-10-13,50-59,2322,15.6,2008,15.8,4330,15.7
2020-10-13,60-69,1500,10.1,1304,10.2,2804,10.2
2020-10-13,70-79,891,6.0,820,6.4,1711,6.2
2020-10-13,≥ 80,584,3.9,447,3.5,1031,3.7
2020-10-13,No disponible,12,,13,,25,
2020-10-13,Total,14875,100.0,12754,100.0,27629,100.0
2020-10-14,< 10,690,4.6,698,5.4,1388,5.0
2020-10-14,10-19,1135,7.6,1080,8.4,2215,7.9
2020-10-14,20-29,2813,18.7,2084,16.2,4897,17.5
2020-10-14,30-39,2526,16.8,2171,16.8,4697,16.8
2020-10-14,40-49,2514,16.7,2237,17.4,4751,17.0
2020-10-14,50-59,2342,15.6,2030,15.7,4372,15.7
2020-10-14,60-69,1514,10.1,1317,10.2,2831,10.1
2020-10-14,70-79,902,6.0,826,6.4,1728,6.2
2020-10-14,≥ 80,593,3.9,450,3.5,1043,3.7
2020-10-14,No disponible,12,,13,,25,
2020-10-14,Total,15041,100.0,12906,100.0,27947,100.0
2020-10-15,< 10,696,4.6,705,5.4,1401,5.0
2020-10-15,10-19,1151,7.6,1089,8.4,2240,8.0
2020-10-15,20-29,2835,18.7,2100,16.2,4935,17.5
2020-10-15,30-39,2542,16.8,2190,16.8,4732,16.8
2020-10-15,40-49,2538,16.8,2259,17.4,4797,17.0
2020-10-15,50-59,2359,15.6,2047,15.7,4406,15.7
2020-10-15,60-69,1526,10.1,1324,10.2,2850,10.1
2020-10-15,70-79,906,6.0,831,6.4,1737,6.2
2020-10-15,≥ 80,599,4.0,453,3.5,1052,3.7
2020-10-15,No disponible,11,,13,,24,
2020-10-15,Total,15163,100.0,13011,100.0,28174,100.0
2020-10-16,< 10,697,4.6,706,5.4,1403,5.0
2020-10-16,10-19,1161,7.6,1095,8.4,2256,8.0
2020-10-16,20-29,2846,18.7,2114,16.2,4960,17.5
2020-10-16,30-39,2555,16.8,2197,16.8,4752,16.8
2020-10-16,40-49,2545,16.7,2263,17.3,4808,17.0
2020-10-16,50-59,2366,15.5,2057,15.8,4423,15.6
2020-10-16,60-69,1537,10.1,1331,10.2,2868,10.1
2020-10-16,70-79,909,6.0,834,6.4,1743,6.2
2020-10-16,≥ 80,600,3.9,455,3.5,1055,3.7
2020-10-16,No disponible,12,,13,,25,
2020-10-16,Total,15228,100.0,13065,100.0,28293,100.0
2020-10-17,< 10,709,4.6,719,5.4,1428,5.0
2020-10-17,10-19,1177,7.6,1111,8.4,2288,8.0
2020-10-17,20-29,2897,18.8,2147,16.2,5044,17.6
2020-10-17,30-39,2589,16.8,2238,16.9,4827,16.8
2020-10-17,40-49,2579,16.7,2294,17.3,4873,17.0
2020-10-17,50-59,2395,15.5,2083,15.7,4478,15.6
2020-10-17,60-69,1563,10.1,1352,10.2,2915,10.2
2020-10-17,70-79,921,6.0,844,6.4,1765,6.2
2020-10-17,≥ 80,608,3.9,458,3.5,1066,3.7
2020-10-17,No disponible,14,,13,,27,
2020-10-17,Total,15452,100.0,13259,100.0,28711,100.0