bulletin_date,datum_date,confirmed_and_probable_cases,confirmed_cases,probable_cases,deaths,positive_molecular_tests,molecular_tests
2020-04-22,2020-03-09,,1,,,,
2020-04-22,2020-03-10,,,,,,
2020-04-22,2020-03-11,,,,,,
2020-04-22,2020-03-12,,,,,,
2020-04-22,2020-03-13,,2,,,,
2020-04-22,2020-03-14,,3,,,,
2020-04-22,2020-03-15,,,,,,
2020-04-22,2020-03-16,,7,,,,
2020-04-22,2020-03-17,,6,,,,
2020-04-22,2020-03-18,,6,,,,
2020-04-22,2020-03-19,,5,,,,
2020-04-22,2020-03-20,,10,,,,
2020-04-22,2020-03-21,,10,,,,
2020-04-22,2020-03-22,,8,,,,
2020-04-22,2020-03-23,,28,,,,
2020-04-22,2020-03-24,,44,,,,
2020-04-22,2020-03-25,,38,,,,
2020-04-22,2020-03-26,,53,,,,
2020-04-22,2020-03-27,,46,,,,
2020-04-22,2020-03-28,,18,,,,
2020-04-22,2020-03-29,,12,,,,
2020-04-22,2020-03-30,,82,,,,
2020-04-22,2020-03-31,,57,,,,
2020-04-22,2020-04-01,,74,,,,
2020-04-22,2020-04-02,,49,,,,
2020-04-22,2020-04-03,,49,,,,
2020-04-22,2020-04-04,,11,,,,
2020-04-22,2020-04-05,,3,,,,
2020-04-22,2020-04-06,,44,,,,
2020-04-22,2020-04-07,,31,,,,
2020-04-22,2020-04-08,,23,,,,
2020-04-22,2020-04-09,,37,,,,
2020-04-22,2020-04-10,,2,,,,
2020-04-22,2020-04-11,,12,,,,
2020-04-22,2020-04-12,,4,,,,
2020-04-22,2020-04-13,,21,,,,
2020-04-22,2020-04-14,,20,,,,
2020-04-22,2020-04-15,,17,,,,
2020-04-22,2020-04-16,,11,,,,
2020-04-22,2020-04-17,,4,,,,
2020-04-22,2020-04-18,,,,,,
2020-04-22,2020-04-19,,,,,,
2020-04-22,2020-04-20,,1,,,,
2020-04-23,2020-03-09,1,,,,,
2020-04-23,2020-03-10,,,,,,
2020-04-23,2020-03-11,,,,,,
2020-04-23,2020-03-12,,,,,,
2020-04-23,2020-03-13,2,,,,,
2020-04-23,2020-03-14,3,,,,,
2020-04-23,2020-03-15,,,,,,
2020-04-23,2020-03-16,7,,,,,
2020-04-23,2020-03-17,6,,,,,
2020-04-23,2020-03-18,6,,,,,
2020-04-23,2020-03-19,5,,,,,
2020-04-23,2020-03-20,10,,,,,
2020-04-23,2020-03-21,10,,,,,
2020-04-23,2020-03-22,8,,,,,
2020-04-23,2020-03-23,28,,,,,
2020-04-23,2020-03-24,44,,,,,
2020-04-23,2020-03-25,38,,,,,
2020-04-23,2020-03-26,72,,,,,
2020-04-23,2020-03-27,75,,,,,
2020-04-23,2020-03-28,18,,,,,
2020-04-23,2020-03-29,12,,,,,
2020-04-23,2020-03-30,85,,,,,
2020-04-23,2020-03-31,68,,,,,
2020-04-23,2020-04-01,83,,,,,
2020-04-23,2020-04-02,58,,,,,
2020-04-23,2020-04-03,61,,,,,
2020-04-23,2020-04-04,13,,,,,
2020-04-23,2020-04-05,4,,,,,
2020-04-23,2020-04-06,60,,,,,
2020-04-23,2020-04-07,57,,,,,
2020-04-23,2020-04-08,47,,,,,
2020-04-23,2020-04-09,55,,,,,
2020-04-23,2020-04-10,8,,,,,
2020-04-23,2020-04-11,20,,,,,
2020-04-23,2020-04-12,8,,,,,
2020-04-23,2020-04-13,44,,,,,
2020-04-23,2020-04-14,76,,,,,
2020-04-23,2020-04-15,55,,,,,
2020-04-23,2020-04-16,53,,,,,
2020-04-23,2020-04-17,34,,,,,
2020-04-23,2020-04-18,11,,,,,
2020-04-23,2020-04-19,2,,,,,
2020-04-23,2020-04-20,26,,,,,
2020-04-23,2020-04-21,3,,,,,
2020-04-24,2020-03-09,1,1,,,,
2020-04-24,2020-03-10,,,,,,
2020-04-24,2020-03-11,,,,,,
2020-04-24,2020-03-12,,,,,,
2020-04-24,2020-03-13,2,2,,,,
2020-04-24,2020-03-14,3,3,,,,
2020-04-24,2020-03-15,,,,,,
2020-04-24,2020-03-16,7,7,,,,
2020-04-24,2020-03-17,6,6,,,,
2020-04-24,2020-03-18,6,6,,,,
2020-04-24,2020-03-19,5,5,,,,
2020-04-24,2020-03-20,11,11,,,,
2020-04-24,2020-03-21,10,10,,,,
2020-04-24,2020-03-22,9,9,,,,
2020-04-24,2020-03-23,32,32,,,,
2020-04-24,2020-03-24,46,46,,,,
2020-04-24,2020-03-25,40,40,,,,
2020-04-24,2020-03-26,74,55,19,,,
2020-04-24,2020-03-27,76,47,29,,,
2020-04-24,2020-03-28,18,18,,,,
2020-04-24,2020-03-29,12,12,,,,
2020-04-24,2020-03-30,84,82,2,,,
2020-04-24,2020-03-31,68,60,8,,,
2020-04-24,2020-04-01,82,73,9,,,
2020-04-24,2020-04-02,57,51,6,,,
2020-04-24,2020-04-03,60,49,11,,,
2020-04-24,2020-04-04,13,11,2,,,
2020-04-24,2020-04-05,4,3,1,,,
2020-04-24,2020-04-06,59,46,13,,,
2020-04-24,2020-04-07,56,32,24,,,
2020-04-24,2020-04-08,46,24,22,,,
2020-04-24,2020-04-09,55,38,17,,,
2020-04-24,2020-04-10,8,2,6,,,
2020-04-24,2020-04-11,19,13,6,,,
2020-04-24,2020-04-12,8,4,4,,,
2020-04-24,2020-04-13,42,20,22,,,
2020-04-24,2020-04-14,71,19,52,,,
2020-04-24,2020-04-15,57,19,38,,,
2020-04-24,2020-04-16,57,14,43,,,
2020-04-24,2020-04-17,35,4,31,,,
2020-04-24,2020-04-18,12,2,10,,,
2020-04-24,2020-04-19,2,,2,,,
2020-04-24,2020-04-20,27,1,26,,,
2020-04-24,2020-04-21,27,1,26,,,
2020-04-25,2020-03-09,1,1,,,,
2020-04-25,2020-03-10,,,,,,
2020-04-25,2020-03-11,,,,,,
2020-04-25,2020-03-12,,,,,,
2020-04-25,2020-03-13,2,2,,,,
2020-04-25,2020-03-14,3,3,,,,
2020-04-25,2020-03-15,,,,,,
2020-04-25,2020-03-16,7,7,,,,
2020-04-25,2020-03-17,6,6,,1,,
2020-04-25,2020-03-18,6,6,,0,,
2020-04-25,2020-03-19,5,5,,0,,
2020-04-25,2020-03-20,11,11,,1,,
2020-04-25,2020-03-21,10,10,,2,,
2020-04-25,2020-03-22,9,9,,1,,
2020-04-25,2020-03-23,32,32,,1,,
2020-04-25,2020-03-24,46,46,,1,,
2020-04-25,2020-03-25,40,40,,0,,
2020-04-25,2020-03-26,74,55,19,3,,
2020-04-25,2020-03-27,76,47,29,1,,
2020-04-25,2020-03-28,18,18,,3,,
2020-04-25,2020-03-29,12,12,,3,,
2020-04-25,2020-03-30,84,82,2,3,,
2020-04-25,2020-03-31,68,60,8,1,,
2020-04-25,2020-04-01,82,73,9,3,,
2020-04-25,2020-04-02,57,51,6,1,,
2020-04-25,2020-04-03,60,49,11,4,,
2020-04-25,2020-04-04,13,11,2,4,,
2020-04-25,2020-04-05,4,3,1,2,,
2020-04-25,2020-04-06,59,46,13,3,,
2020-04-25,2020-04-07,57,33,24,3,,
2020-04-25,2020-04-08,46,24,22,3,,
2020-04-25,2020-04-09,55,38,17,4,,
2020-04-25,2020-04-10,8,2,6,4,,
2020-04-25,2020-04-11,19,13,6,3,,
2020-04-25,2020-04-12,8,4,4,0,,
2020-04-25,2020-04-13,42,20,22,5,,
2020-04-25,2020-04-14,72,21,51,3,,
2020-04-25,2020-04-15,58,19,39,3,,
2020-04-25,2020-04-16,58,15,43,3,,
2020-04-25,2020-04-17,38,4,34,1,,
2020-04-25,2020-04-18,15,4,11,2,,
2020-04-25,2020-04-19,2,,2,2,,
2020-04-25,2020-04-20,38,3,35,1,,
2020-04-25,2020-04-21,60,6,54,3,,
2020-04-25,2020-04-22,10,,10,3,,
2020-04-25,2020-04-23,,,,0,,
2020-04-25,2020-04-24,,,,2,,
2020-04-25,2020-04-25,,,,1,,
2020-04-26,2020-03-09,1,1,,,,
2020-04-26,2020-03-10,,,,,,
2020-04-26,2020-03-11,,,,,,
2020-04-26,2020-03-12,,,,,,
2020-04-26,2020-03-13,4,4,,,,
2020-04-26,2020-03-14,3,3,,,,
2020-04-26,2020-03-15,,,,,,
2020-04-26,2020-03-16,7,7,,,,
2020-04-26,2020-03-17,6,6,,1,,
2020-04-26,2020-03-18,5,5,,0,,
2020-04-26,2020-03-19,4,4,,0,,
2020-04-26,2020-03-20,11,11,,1,,
2020-04-26,2020-03-21,10,10,,2,,
2020-04-26,2020-03-22,9,9,,1,,
2020-04-26,2020-03-23,32,32,,1,,
2020-04-26,2020-03-24,47,47,,1,,
2020-04-26,2020-03-25,40,40,,0,,
2020-04-26,2020-03-26,73,54,19,3,,
2020-04-26,2020-03-27,76,47,29,1,,
2020-04-26,2020-03-28,18,18,,3,,
2020-04-26,2020-03-29,12,12,,3,,
2020-04-26,2020-03-30,83,81,2,3,,
2020-04-26,2020-03-31,67,59,8,1,,
2020-04-26,2020-04-01,82,73,9,3,,
2020-04-26,2020-04-02,57,51,6,1,,
2020-04-26,2020-04-03,61,50,11,4,,
2020-04-26,2020-04-04,13,11,2,4,,
2020-04-26,2020-04-05,4,3,1,2,,
2020-04-26,2020-04-06,60,47,13,3,,
2020-04-26,2020-04-07,57,33,24,3,,
2020-04-26,2020-04-08,45,23,22,3,,
2020-04-26,2020-04-09,56,38,18,4,,
2020-04-26,2020-04-10,8,2,6,4,,
2020-04-26,2020-04-11,20,14,6,3,,
2020-04-26,2020-04-12,8,5,3,0,,
2020-04-26,2020-04-13,42,20,22,5,,
2020-04-26,2020-04-14,75,23,52,3,,
2020-04-26,2020-04-15,57,19,38,3,,
2020-04-26,2020-04-16,59,16,43,3,,
2020-04-26,2020-04-17,40,4,36,1,,
2020-04-26,2020-04-18,16,4,12,2,,
2020-04-26,2020-04-19,3,,3,2,,
2020-04-26,2020-04-20,41,3,38,1,,
2020-04-26,2020-04-21,60,6,54,3,,
2020-04-26,2020-04-22,16,,16,3,,
2020-04-26,2020-04-23,1,,1,0,,
2020-04-26,2020-04-24,,,,2,,
2020-04-26,2020-04-25,,,,1,,
2020-04-26,2020-04-26,,,,0,,
2020-04-27,2020-03-09,1,1,,,,
2020-04-27,2020-03-10,,,,,,
2020-04-27,2020-03-11,,,,,,
2020-04-27,2020-03-12,,,,,,
2020-04-27,2020-03-13,4,4,,,,
2020-04-27,2020-03-14,3,3,,,,
2020-04-27,2020-03-15,,,,,,
2020-04-27,2020-03-16,7,7,,,,
2020-04-27,2020-03-17,6,6,,1,,
2020-04-27,2020-03-18,5,5,,0,,
2020-04-27,2020-03-19,4,4,,0,,
2020-04-27,2020-03-20,11,11,,1,,
2020-04-27,2020-03-21,10,10,,2,,
2020-04-27,2020-03-22,9,9,,1,,
2020-04-27,2020-03-23,32,32,,1,,
2020-04-27,2020-03-24,47,47,,1,,
2020-04-27,2020-03-25,40,40,,0,,
2020-04-27,2020-03-26,73,54,19,3,,
2020-04-27,2020-03-27,76,47,29,1,,
2020-04-27,2020-03-28,18,18,,3,,
2020-04-27,2020-03-29,12,12,,3,,
2020-04-27,2020-03-30,83,81,2,3,,
2020-04-27,2020-03-31,67,59,8,1,,
2020-04-27,2020-04-01,82,73,9,3,,
2020-04-27,2020-04-02,57,51,6,1,,
2020-04-27,2020-04-03,61,50,11,4,,
2020-04-27,2020-04-04,13,11,2,4,,
2020-04-27,2020-04-05,4,3,1,2,,
2020-04-27,2020-04-06,60,47,13,3,,
2020-04-27,2020-04-07,57,33,24,3,,
2020-04-27,2020-04-08,45,23,22,3,,
2020-04-27,2020-04-09,56,38,18,4,,
2020-04-27,2020-04-10,8,2,6,4,,
2020-04-27,2020-04-11,19,13,6,3,,
2020-04-27,2020-04-12,8,5,3,0,,
2020-04-27,2020-04-13,43,21,22,6,,
2020-04-27,2020-04-14,75,23,52,3,,
2020-04-27,2020-04-15,57,19,38,3,,
2020-04-27,2020-04-16,59,16,43,4,,
2020-04-27,2020-04-17,40,5,35,1,,
2020-04-27,2020-04-18,16,4,12,2,,
2020-04-27,2020-04-19,3,1,2,2,,
2020-04-27,2020-04-20,42,3,39,1,,
2020-04-27,2020-04-21,63,7,56,3,,
2020-04-27,2020-04-22,19,,19,3,,
2020-04-27,2020-04-23,4,,4,0,,
2020-04-27,2020-04-24,,,,2,,
2020-04-27,2020-04-25,,,,,,
2020-04-27,2020-04-26,1,,1,1,,
2020-04-28,2020-03-09,1,1,,,,
2020-04-28,2020-03-10,,,,,,
2020-04-28,2020-03-11,,,,,,
2020-04-28,2020-03-12,,,,,,
2020-04-28,2020-03-13,4,4,,,,
2020-04-28,2020-03-14,3,3,,,,
2020-04-28,2020-03-15,,,,,,
2020-04-28,2020-03-16,7,7,,,,
2020-04-28,2020-03-17,6,6,,1,,
2020-04-28,2020-03-18,5,5,,0,,
2020-04-28,2020-03-19,4,4,,0,,
2020-04-28,2020-03-20,11,11,,1,,
2020-04-28,2020-03-21,10,10,,2,,
2020-04-28,2020-03-22,9,9,,1,,
2020-04-28,2020-03-23,32,32,,1,,
2020-04-28,2020-03-24,47,47,,1,,
2020-04-28,2020-03-25,40,40,,0,,
2020-04-28,2020-03-26,73,54,19,3,,
2020-04-28,2020-03-27,76,47,29,1,,
2020-04-28,2020-03-28,18,18,,3,,
2020-04-28,2020-03-29,12,12,,3,,
2020-04-28,2020-03-30,83,81,2,3,,
2020-04-28,2020-03-31,67,59,8,1,,
2020-04-28,2020-04-01,82,73,9,3,,
2020-04-28,2020-04-02,57,51,6,1,,
2020-04-28,2020-04-03,61,50,11,4,,
2020-04-28,2020-04-04,13,11,2,4,,
2020-04-28,2020-04-05,4,3,1,2,,
2020-04-28,2020-04-06,60,47,13,3,,
2020-04-28,2020-04-07,57,33,24,3,,
2020-04-28,2020-04-08,45,23,22,3,,
2020-04-28,2020-04-09,56,38,18,4,,
2020-04-28,2020-04-10,8,2,6,4,,
2020-04-28,2020-04-11,19,13,6,3,,
2020-04-28,2020-04-12,8,5,3,0,,
2020-04-28,2020-04-13,43,21,22,6,,
2020-04-28,2020-04-14,75,23,52,3,,
2020-04-28,2020-04-15,59,21,38,3,,
2020-04-28,2020-04-16,59,16,43,4,,
2020-04-28,2020-04-17,42,7,35,1,,
2020-04-28,2020-04-18,17,4,13,2,,
2020-04-28,2020-04-19,3,1,2,2,,
2020-04-28,2020-04-20,42,3,39,1,,
2020-04-28,2020-04-21,66,7,59,3,,
2020-04-28,2020-04-22,23,,23,3,,
2020-04-28,2020-04-23,19,2,27,0,,
2020-04-28,2020-04-24,6,,6,2,,
2020-04-28,2020-04-25,,,,,,
2020-04-28,2020-04-26,1,,1,1,,
2020-04-28,2020-04-27,,,,0,,
2020-04-29,2020-03-09,1,1,,,,
2020-04-29,2020-03-10,,,,,,
2020-04-29,2020-03-11,,,,,,
2020-04-29,2020-03-12,,,,,,
2020-04-29,2020-03-13,4,4,,,,
2020-04-29,2020-03-14,3,3,,,,
2020-04-29,2020-03-15,,,,,,
2020-04-29,2020-03-16,7,7,,,,
2020-04-29,2020-03-17,6,6,,1,,
2020-04-29,2020-03-18,5,5,,0,,
2020-04-29,2020-03-19,4,4,,0,,
2020-04-29,2020-03-20,11,11,,1,,
2020-04-29,2020-03-21,10,10,,2,,
2020-04-29,2020-03-22,9,9,,1,,
2020-04-29,2020-03-23,32,32,,1,,
2020-04-29,2020-03-24,47,47,,1,,
2020-04-29,2020-03-25,40,40,,0,,
2020-04-29,2020-03-26,73,54,19,3,,
2020-04-29,2020-03-27,76,47,29,1,,
2020-04-29,2020-03-28,18,18,,3,,
2020-04-29,2020-03-29,12,12,,3,,
2020-04-29,2020-03-30,83,81,2,3,,
2020-04-29,2020-03-31,67,59,8,1,,
2020-04-29,2020-04-01,82,73,9,3,,
2020-04-29,2020-04-02,57,51,6,1,,
2020-04-29,2020-04-03,61,50,11,4,,
2020-04-29,2020-04-04,13,11,2,5,,
2020-04-29,2020-04-05,4,3,1,2,,
2020-04-29,2020-04-06,60,47,13,3,,
2020-04-29,2020-04-07,57,33,24,3,,
2020-04-29,2020-04-08,46,24,22,3,,
2020-04-29,2020-04-09,56,38,18,4,,
2020-04-29,2020-04-10,7,2,5,4,,
2020-04-29,2020-04-11,19,13,6,3,,
2020-04-29,2020-04-12,8,5,3,0,,
2020-04-29,2020-04-13,46,23,23,6,,
2020-04-29,2020-04-14,75,24,51,3,,
2020-04-29,2020-04-15,68,30,38,3,,
2020-04-29,2020-04-16,62,20,42,4,,
2020-04-29,2020-04-17,49,15,34,1,,
2020-04-29,2020-04-18,18,5,13,2,,
2020-04-29,2020-04-19,3,1,2,3,,
2020-04-29,2020-04-20,46,3,43,1,,
2020-04-29,2020-04-21,70,14,56,3,,
2020-04-29,2020-04-22,34,2,32,4,,
2020-04-29,2020-04-23,55,13,42,0,,
2020-04-29,2020-04-24,23,5,18,3,,
2020-04-29,2020-04-25,3,,3,,,
2020-04-29,2020-04-26,1,,1,3,,
2020-04-29,2020-04-27,8,,8,,,
2020-04-30,2020-03-09,1,1,,,,
2020-04-30,2020-03-10,,,,,,
2020-04-30,2020-03-11,,,,,,
2020-04-30,2020-03-12,,,,,,
2020-04-30,2020-03-13,4,4,,,,
2020-04-30,2020-03-14,3,3,,,,
2020-04-30,2020-03-15,,,,,,
2020-04-30,2020-03-16,7,7,,,,
2020-04-30,2020-03-17,6,6,,1,,
2020-04-30,2020-03-18,5,5,,0,,
2020-04-30,2020-03-19,4,4,,0,,
2020-04-30,2020-03-20,11,11,,0,,
2020-04-30,2020-03-21,10,10,,2,,
2020-04-30,2020-03-22,9,9,,1,,
2020-04-30,2020-03-23,32,32,,1,,
2020-04-30,2020-03-24,47,47,,1,,
2020-04-30,2020-03-25,40,40,,0,,
2020-04-30,2020-03-26,73,54,19,3,,
2020-04-30,2020-03-27,76,47,29,2,,
2020-04-30,2020-03-28,18,18,,3,,
2020-04-30,2020-03-29,12,12,,3,,
2020-04-30,2020-03-30,83,81,2,3,,
2020-04-30,2020-03-31,67,59,8,1,,
2020-04-30,2020-04-01,81,72,9,3,,
2020-04-30,2020-04-02,57,51,6,1,,
2020-04-30,2020-04-03,62,51,11,5,,
2020-04-30,2020-04-04,13,11,2,4,,
2020-04-30,2020-04-05,4,3,1,2,,
2020-04-30,2020-04-06,60,47,13,3,,
2020-04-30,2020-04-07,57,33,23,3,,
2020-04-30,2020-04-08,46,24,22,3,,
2020-04-30,2020-04-09,56,38,18,4,,
2020-04-30,2020-04-10,7,2,5,4,,
2020-04-30,2020-04-11,19,13,6,3,,
2020-04-30,2020-04-12,8,5,3,0,,
2020-04-30,2020-04-13,47,24,23,6,,
2020-04-30,2020-04-14,75,24,50,3,,
2020-04-30,2020-04-15,67,29,38,3,,
2020-04-30,2020-04-16,63,21,42,4,,
2020-04-30,2020-04-17,49,15,34,1,,
2020-04-30,2020-04-18,18,5,13,2,,
2020-04-30,2020-04-19,3,1,2,3,,
2020-04-30,2020-04-20,50,6,44,1,,
2020-04-30,2020-04-21,72,14,58,3,,
2020-04-30,2020-04-22,37,5,32,4,,
2020-04-30,2020-04-23,60,14,46,0,,
2020-04-30,2020-04-24,42,6,36,3,,
2020-04-30,2020-04-25,7,,7,0,,
2020-04-30,2020-04-26,1,,1,4,,
2020-04-30,2020-04-27,8,,8,0,,
2020-04-30,2020-04-28,,,,1,,
2020-05-01,2020-03-09,1,1,,,,
2020-05-01,2020-03-10,,,,,,
2020-05-01,2020-03-11,,,,,,
2020-05-01,2020-03-12,,,,,,
2020-05-01,2020-03-13,4,4,,,,
2020-05-01,2020-03-14,3,3,,,,
2020-05-01,2020-03-15,,,,,,
2020-05-01,2020-03-16,7,7,,,,
2020-05-01,2020-03-17,6,6,,1,,
2020-05-01,2020-03-18,5,5,,0,,
2020-05-01,2020-03-19,4,4,,0,,
2020-05-01,2020-03-20,11,11,,0,,
2020-05-01,2020-03-21,10,10,,2,,
2020-05-01,2020-03-22,9,9,,1,,
2020-05-01,2020-03-23,32,32,,1,,
2020-05-01,2020-03-24,47,47,,1,,
2020-05-01,2020-03-25,40,40,,0,,
2020-05-01,2020-03-26,73,54,19,3,,
2020-05-01,2020-03-27,76,47,29,2,,
2020-05-01,2020-03-28,18,18,,3,,
2020-05-01,2020-03-29,12,12,,3,,
2020-05-01,2020-03-30,83,81,2,3,,
2020-05-01,2020-03-31,67,59,8,1,,
2020-05-01,2020-04-01,80,71,9,3,,
2020-05-01,2020-04-02,59,51,8,1,,
2020-05-01,2020-04-03,63,51,12,5,,
2020-05-01,2020-04-04,13,11,2,4,,
2020-05-01,2020-04-05,4,3,1,2,,
2020-05-01,2020-04-06,63,47,16,3,,
2020-05-01,2020-04-07,58,33,25,3,,
2020-05-01,2020-04-08,58,24,34,3,,
2020-05-01,2020-04-09,56,38,18,4,,
2020-05-01,2020-04-10,7,2,5,4,,
2020-05-01,2020-04-11,19,13,6,3,,
2020-05-01,2020-04-12,8,5,3,0,,
2020-05-01,2020-04-13,51,25,26,6,,
2020-05-01,2020-04-14,76,24,52,3,,
2020-05-01,2020-04-15,74,29,45,3,,
2020-05-01,2020-04-16,66,20,46,4,,
2020-05-01,2020-04-17,57,16,41,1,,
2020-05-01,2020-04-18,19,6,13,2,,
2020-05-01,2020-04-19,3,1,2,3,,
2020-05-01,2020-04-20,54,6,48,1,,
2020-05-01,2020-04-21,79,14,65,3,,
2020-05-01,2020-04-22,60,10,50,5,,
2020-05-01,2020-04-23,71,14,57,0,,
2020-05-01,2020-04-24,78,8,70,3,,
2020-05-01,2020-04-25,18,1,17,0,,
2020-05-01,2020-04-26,7,,7,4,,
2020-05-01,2020-04-27,35,,35,0,,
2020-05-01,2020-04-28,13,,13,1,,
2020-05-02,2020-03-09,1,1,,,,
2020-05-02,2020-03-10,,,,,,
2020-05-02,2020-03-11,,,,,,
2020-05-02,2020-03-12,,,,,,
2020-05-02,2020-03-13,4,4,,,,
2020-05-02,2020-03-14,3,3,,,,
2020-05-02,2020-03-15,,,,,,
2020-05-02,2020-03-16,7,7,,,,
2020-05-02,2020-03-17,6,6,,1,,
2020-05-02,2020-03-18,5,5,,0,,
2020-05-02,2020-03-19,4,4,,0,,
2020-05-02,2020-03-20,11,11,,0,,
2020-05-02,2020-03-21,10,10,,2,,
2020-05-02,2020-03-22,9,9,,1,,
2020-05-02,2020-03-23,32,32,,1,,
2020-05-02,2020-03-24,47,47,,1,,
2020-05-02,2020-03-25,40,40,,0,,
2020-05-02,2020-03-26,73,54,19,3,,
2020-05-02,2020-03-27,76,47,29,2,,
2020-05-02,2020-03-28,18,18,,3,,
2020-05-02,2020-03-29,12,12,,3,,
2020-05-02,2020-03-30,83,81,2,3,,
2020-05-02,2020-03-31,67,59,8,1,,
2020-05-02,2020-04-01,80,71,9,3,,
2020-05-02,2020-04-02,59,51,8,1,,
2020-05-02,2020-04-03,63,51,12,5,,
2020-05-02,2020-04-04,13,11,2,4,,
2020-05-02,2020-04-05,4,3,1,2,,
2020-05-02,2020-04-06,63,47,16,3,,
2020-05-02,2020-04-07,57,32,25,3,,
2020-05-02,2020-04-08,59,25,34,3,,
2020-05-02,2020-04-09,56,38,18,4,,
2020-05-02,2020-04-10,7,2,5,4,,
2020-05-02,2020-04-11,17,13,4,3,,
2020-05-02,2020-04-12,8,5,3,0,,
2020-05-02,2020-04-13,53,25,28,6,,
2020-05-02,2020-04-14,76,24,52,3,,
2020-05-02,2020-04-15,74,29,45,3,,
2020-05-02,2020-04-16,66,20,46,4,,
2020-05-02,2020-04-17,55,14,41,1,,
2020-05-02,2020-04-18,18,5,13,2,,
2020-05-02,2020-04-19,3,1,2,3,,
2020-05-02,2020-04-20,56,8,48,1,,
2020-05-02,2020-04-21,81,14,67,3,,
2020-05-02,2020-04-22,72,16,56,5,,
2020-05-02,2020-04-23,77,15,62,1,,
2020-05-02,2020-04-24,88,12,76,3,,
2020-05-02,2020-04-25,19,1,18,0,,
2020-05-02,2020-04-26,6,,6,4,,
2020-05-02,2020-04-27,55,3,52,0,,
2020-05-02,2020-04-28,15,2,13,2,,
2020-05-03,2020-03-09,1,1,,,,
2020-05-03,2020-03-10,,,,,,
2020-05-03,2020-03-11,,,,,,
2020-05-03,2020-03-12,,,,,,
2020-05-03,2020-03-13,4,4,,,,
2020-05-03,2020-03-14,3,3,,,,
2020-05-03,2020-03-15,,,,,,
2020-05-03,2020-03-16,7,7,,,,
2020-05-03,2020-03-17,6,6,,1,,
2020-05-03,2020-03-18,5,5,,0,,
2020-05-03,2020-03-19,4,4,,0,,
2020-05-03,2020-03-20,11,11,,0,,
2020-05-03,2020-03-21,10,10,,2,,
2020-05-03,2020-03-22,9,9,,1,,
2020-05-03,2020-03-23,32,32,,1,,
2020-05-03,2020-03-24,47,47,,1,,
2020-05-03,2020-03-25,40,40,,0,,
2020-05-03,2020-03-26,73,54,19,3,,
2020-05-03,2020-03-27,76,47,29,2,,
2020-05-03,2020-03-28,18,18,,3,,
2020-05-03,2020-03-29,12,12,,3,,
2020-05-03,2020-03-30,83,81,2,3,,
2020-05-03,2020-03-31,67,59,8,1,,
2020-05-03,2020-04-01,79,71,8,3,,
2020-05-03,2020-04-02,59,51,8,1,,
2020-05-03,2020-04-03,63,51,12,5,,
2020-05-03,2020-04-04,13,11,2,4,,
2020-05-03,2020-04-05,4,3,1,2,,
2020-05-03,2020-04-06,63,47,16,3,,
2020-05-03,2020-04-07,57,32,25,3,,
2020-05-03,2020-04-08,59,25,34,3,,
2020-05-03,2020-04-09,56,38,18,4,,
2020-05-03,2020-04-10,7,2,5,4,,
2020-05-03,2020-04-11,17,13,4,3,,
2020-05-03,2020-04-12,8,5,3,0,,
2020-05-03,2020-04-13,53,25,28,6,,
2020-05-03,2020-04-14,75,24,51,3,,
2020-05-03,2020-04-15,73,29,44,3,,
2020-05-03,2020-04-16,70,24,46,4,,
2020-05-03,2020-04-17,60,20,40,1,,
2020-05-03,2020-04-18,18,5,13,2,,
2020-05-03,2020-04-19,3,1,2,3,,
2020-05-03,2020-04-20,57,9,48,1,,
2020-05-03,2020-04-21,83,15,68,3,,
2020-05-03,2020-04-22,91,16,75,5,,
2020-05-03,2020-04-23,84,16,68,1,,
2020-05-03,2020-04-24,88,12,76,3,,
2020-05-03,2020-04-25,19,1,18,0,,
2020-05-03,2020-04-26,6,,6,4,,
2020-05-03,2020-04-27,55,3,52,0,,
2020-05-03,2020-04-28,15,2,13,2,,
2020-05-03,2020-04-29,,,,0,,
2020-05-03,2020-04-30,,,,0,,
2020-05-03,2020-05-01,,,,0,,
2020-05-03,2020-05-02,,,,0,,
2020-05-03,2020-05-03,,,,0,,
2020-05-04,2020-03-09,1,1,,,,
2020-05-04,2020-03-10,,,,,,
2020-05-04,2020-03-11,,,,,,
2020-05-04,2020-03-12,,,,,,
2020-05-04,2020-03-13,4,4,,,,
2020-05-04,2020-03-14,3,3,,,,
2020-05-04,2020-03-15,,,,,,
2020-05-04,2020-03-16,7,7,,,,
2020-05-04,2020-03-17,6,6,,1,,
2020-05-04,2020-03-18,5,5,,0,,
2020-05-04,2020-03-19,4,4,,0,,
2020-05-04,2020-03-20,11,11,,0,,
2020-05-04,2020-03-21,10,10,,2,,
2020-05-04,2020-03-22,9,9,,1,,
2020-05-04,2020-03-23,32,32,,1,,
2020-05-04,2020-03-24,47,47,,1,,
2020-05-04,2020-03-25,40,40,,0,,
2020-05-04,2020-03-26,73,54,19,3,,
2020-05-04,2020-03-27,76,47,29,2,,
2020-05-04,2020-03-28,18,18,,3,,
2020-05-04,2020-03-29,12,12,,3,,
2020-05-04,2020-03-30,83,81,2,3,,
2020-05-04,2020-03-31,67,59,8,1,,
2020-05-04,2020-04-01,79,71,8,3,,
2020-05-04,2020-04-02,59,51,8,1,,
2020-05-04,2020-04-03,63,51,12,5,,
2020-05-04,2020-04-04,13,11,2,4,,
2020-05-04,2020-04-05,4,3,1,2,,
2020-05-04,2020-04-06,63,47,16,3,,
2020-05-04,2020-04-07,57,32,25,3,,
2020-05-04,2020-04-08,59,25,34,3,,
2020-05-04,2020-04-09,56,38,18,4,,
2020-05-04,2020-04-10,7,2,5,4,,
2020-05-04,2020-04-11,17,13,4,3,,
2020-05-04,2020-04-12,8,5,3,0,,
2020-05-04,2020-04-13,55,25,30,6,,
2020-05-04,2020-04-14,75,24,51,3,,
2020-05-04,2020-04-15,72,29,43,3,,
2020-05-04,2020-04-16,70,24,46,4,,
2020-05-04,2020-04-17,60,20,40,1,,
2020-05-04,2020-04-18,18,5,13,2,,
2020-05-04,2020-04-19,3,1,2,3,,
2020-05-04,2020-04-20,58,9,49,1,,
2020-05-04,2020-04-21,83,15,68,3,,
2020-05-04,2020-04-22,92,16,76,5,,
2020-05-04,2020-04-23,84,16,68,1,,
2020-05-04,2020-04-24,97,14,83,3,,
2020-05-04,2020-04-25,19,1,18,0,,
2020-05-04,2020-04-26,6,,6,4,,
2020-05-04,2020-04-27,75,4,71,0,,
2020-05-04,2020-04-28,51,3,48,2,,
2020-05-04,2020-04-29,8,,8,0,,
2020-05-04,2020-04-30,,,,0,,
2020-05-04,2020-05-01,3,,3,0,,
2020-05-04,2020-05-02,2,,2,0,,
2020-05-04,2020-05-03,,,,1,,
2020-05-04,2020-05-04,,,,1,,
2020-05-05,2020-03-09,1,1,,,,
2020-05-05,2020-03-10,,,,,,
2020-05-05,2020-03-11,,,,,,
2020-05-05,2020-03-12,,,,,,
2020-05-05,2020-03-13,4,4,,,,
2020-05-05,2020-03-14,3,3,,,,
2020-05-05,2020-03-15,,,,,,
2020-05-05,2020-03-16,7,7,,,,
2020-05-05,2020-03-17,6,6,,1,,
2020-05-05,2020-03-18,5,5,,0,,
2020-05-05,2020-03-19,4,4,,0,,
2020-05-05,2020-03-20,11,11,,0,,
2020-05-05,2020-03-21,10,10,,2,,
2020-05-05,2020-03-22,9,9,,1,,
2020-05-05,2020-03-23,32,32,,1,,
2020-05-05,2020-03-24,47,47,,1,,
2020-05-05,2020-03-25,40,40,,0,,
2020-05-05,2020-03-26,73,54,19,3,,
2020-05-05,2020-03-27,76,47,29,2,,
2020-05-05,2020-03-28,18,18,,3,,
2020-05-05,2020-03-29,12,12,,3,,
2020-05-05,2020-03-30,83,81,2,3,,
2020-05-05,2020-03-31,67,59,8,1,,
2020-05-05,2020-04-01,79,71,8,3,,
2020-05-05,2020-04-02,59,51,8,1,,
2020-05-05,2020-04-03,63,51,12,5,,
2020-05-05,2020-04-04,13,11,2,4,,
2020-05-05,2020-04-05,4,3,1,2,,
2020-05-05,2020-04-06,63,47,16,3,,
2020-05-05,2020-04-07,57,32,25,3,,
2020-05-05,2020-04-08,59,25,34,3,,
2020-05-05,2020-04-09,56,38,18,4,,
2020-05-05,2020-04-10,7,2,5,4,,
2020-05-05,2020-04-11,17,13,4,3,,
2020-05-05,2020-04-12,8,5,3,0,,
2020-05-05,2020-04-13,55,25,30,6,,
2020-05-05,2020-04-14,75,24,51,3,,
2020-05-05,2020-04-15,72,29,43,3,,
2020-05-05,2020-04-16,70,24,46,4,,
2020-05-05,2020-04-17,60,20,40,1,,
2020-05-05,2020-04-18,18,5,13,2,,
2020-05-05,2020-04-19,3,1,2,3,,
2020-05-05,2020-04-20,58,9,49,1,,
2020-05-05,2020-04-21,84,15,69,3,,
2020-05-05,2020-04-22,92,16,76,5,,
2020-05-05,2020-04-23,83,16,67,1,,
2020-05-05,2020-04-24,98,14,84,3,,
2020-05-05,2020-04-25,20,2,18,0,,
2020-05-05,2020-04-26,6,,6,4,,
2020-05-05,2020-04-27,76,4,72,0,,
2020-05-05,2020-04-28,68,3,65,2,,
2020-05-05,2020-04-29,16,,16,0,,
2020-05-05,2020-04-30,1,,1,0,,
2020-05-05,2020-05-01,13,,13,0,,
2020-05-05,2020-05-02,7,,7,0,,
2020-05-05,2020-05-03,,,,1,,
2020-05-05,2020-05-04,,,,1,,
2020-05-05,2020-05-05,,,,0,,
2020-05-06,2020-03-09,1,1,,,,
2020-05-06,2020-03-10,,,,,,
2020-05-06,2020-03-11,,,,,,
2020-05-06,2020-03-12,,,,,,
2020-05-06,2020-03-13,4,4,,,,
2020-05-06,2020-03-14,3,3,,,,
2020-05-06,2020-03-15,,,,,,
2020-05-06,2020-03-16,7,7,,,,
2020-05-06,2020-03-17,6,6,,1,,
2020-05-06,2020-03-18,5,5,,0,,
2020-05-06,2020-03-19,4,4,,0,,
2020-05-06,2020-03-20,11,11,,0,,
2020-05-06,2020-03-21,10,10,,2,,
2020-05-06,2020-03-22,9,9,,1,,
2020-05-06,2020-03-23,32,32,,1,,
2020-05-06,2020-03-24,47,47,,1,,
2020-05-06,2020-03-25,40,40,,0,,
2020-05-06,2020-03-26,73,54,19,3,,
2020-05-06,2020-03-27,76,47,29,2,,
2020-05-06,2020-03-28,18,18,,3,,
2020-05-06,2020-03-29,12,12,,3,,
2020-05-06,2020-03-30,83,81,2,3,,
2020-05-06,2020-03-31,67,59,8,1,,
2020-05-06,2020-04-01,79,71,8,3,,
2020-05-06,2020-04-02,59,51,8,1,,
2020-05-06,2020-04-03,63,51,12,5,,
2020-05-06,2020-04-04,13,11,2,4,,
2020-05-06,2020-04-05,4,3,1,2,,
2020-05-06,2020-04-06,63,47,16,3,,
2020-05-06,2020-04-07,57,32,25,3,,
2020-05-06,2020-04-08,59,25,34,3,,
2020-05-06,2020-04-09,56,38,18,4,,
2020-05-06,2020-04-10,7,2,5,4,,
2020-05-06,2020-04-11,17,13,4,3,,
2020-05-06,2020-04-12,8,5,3,0,,
2020-05-06,2020-04-13,55,25,30,6,,
2020-05-06,2020-04-14,75,24,51,3,,
2020-05-06,2020-04-15,72,29,43,3,,
2020-05-06,2020-04-16,70,24,46,4,,
2020-05-06,2020-04-17,60,20,40,1,,
2020-05-06,2020-04-18,19,5,14,2,,
2020-05-06,2020-04-19,3,1,2,3,,
2020-05-06,2020-04-20,58,9,49,1,,
2020-05-06,2020-04-21,84,15,69,3,,
2020-05-06,2020-04-22,92,16,76,5,,
2020-05-06,2020-04-23,83,16,67,1,,
2020-05-06,2020-04-24,98,14,84,3,,
2020-05-06,2020-04-25,20,2,18,0,,
2020-05-06,2020-04-26,6,,6,4,,
2020-05-06,2020-04-27,80,5,75,0,,
2020-05-06,2020-04-28,70,4,66,2,,
2020-05-06,2020-04-29,27,2,25,0,,
2020-05-06,2020-04-30,8,3,5,0,,
2020-05-06,2020-05-01,27,,27,1,,
2020-05-06,2020-05-02,9,,9,2,,
2020-05-06,2020-05-03,,,,1,,
2020-05-06,2020-05-04,22,,22,1,,
2020-05-06,2020-05-05,,,,0,,
2020-05-07,2020-03-09,1,1,,,,
2020-05-07,2020-03-10,,,,,,
2020-05-07,2020-03-11,,,,,,
2020-05-07,2020-03-12,,,,,,
2020-05-07,2020-03-13,4,4,,,,
2020-05-07,2020-03-14,3,3,,,,
2020-05-07,2020-03-15,,,,,,
2020-05-07,2020-03-16,7,7,,,,
2020-05-07,2020-03-17,6,6,,1,,
2020-05-07,2020-03-18,5,5,,0,,
2020-05-07,2020-03-19,4,4,,0,,
2020-05-07,2020-03-20,11,11,,0,,
2020-05-07,2020-03-21,10,10,,2,,
2020-05-07,2020-03-22,9,9,,1,,
2020-05-07,2020-03-23,32,32,,1,,
2020-05-07,2020-03-24,47,47,,1,,
2020-05-07,2020-03-25,40,40,,0,,
2020-05-07,2020-03-26,73,54,19,3,,
2020-05-07,2020-03-27,76,47,29,2,,
2020-05-07,2020-03-28,18,18,,3,,
2020-05-07,2020-03-29,12,12,,3,,
2020-05-07,2020-03-30,83,81,2,3,,
2020-05-07,2020-03-31,67,59,8,1,,
2020-05-07,2020-04-01,79,71,8,3,,
2020-05-07,2020-04-02,59,51,8,1,,
2020-05-07,2020-04-03,63,51,12,5,,
2020-05-07,2020-04-04,13,11,2,4,,
2020-05-07,2020-04-05,4,3,1,2,,
2020-05-07,2020-04-06,63,47,16,3,,
2020-05-07,2020-04-07,58,32,26,3,,
2020-05-07,2020-04-08,59,25,34,3,,
2020-05-07,2020-04-09,56,38,18,4,,
2020-05-07,2020-04-10,7,2,5,4,,
2020-05-07,2020-04-11,17,13,4,3,,
2020-05-07,2020-04-12,8,5,3,0,,
2020-05-07,2020-04-13,55,25,30,6,,
2020-05-07,2020-04-14,76,24,52,3,,
2020-05-07,2020-04-15,72,29,43,3,,
2020-05-07,2020-04-16,70,24,46,4,,
2020-05-07,2020-04-17,60,20,40,1,,
2020-05-07,2020-04-18,19,5,14,3,,
2020-05-07,2020-04-19,3,1,2,3,,
2020-05-07,2020-04-20,59,9,50,1,,
2020-05-07,2020-04-21,83,15,68,3,,
2020-05-07,2020-04-22,97,18,79,5,,
2020-05-07,2020-04-23,92,17,75,1,,
2020-05-07,2020-04-24,99,14,85,3,,
2020-05-07,2020-04-25,20,2,18,0,,
2020-05-07,2020-04-26,6,,6,5,,
2020-05-07,2020-04-27,79,5,74,0,,
2020-05-07,2020-04-28,75,6,69,2,,
2020-05-07,2020-04-29,33,4,29,0,,
2020-05-07,2020-04-30,54,10,44,1,,
2020-05-07,2020-05-01,60,2,58,2,,
2020-05-07,2020-05-02,12,,14,2,,
2020-05-07,2020-05-03,3,,3,2,,
2020-05-07,2020-05-04,32,,32,1,,
2020-05-07,2020-05-05,1,,1,0,,
2020-05-07,2020-05-06,,,,0,,
2020-05-07,2020-05-07,,,,0,,
2020-05-08,2020-03-09,1,1,,,,
2020-05-08,2020-03-10,,,,,,
2020-05-08,2020-03-11,,,,,,
2020-05-08,2020-03-12,,,,,,
2020-05-08,2020-03-13,4,4,,,,
2020-05-08,2020-03-14,3,3,,,,
2020-05-08,2020-03-15,,,,,,
2020-05-08,2020-03-16,7,7,,,,
2020-05-08,2020-03-17,6,6,,1,,
2020-05-08,2020-03-18,5,5,,0,,
2020-05-08,2020-03-19,4,4,,0,,
2020-05-08,2020-03-20,11,11,,0,,
2020-05-08,2020-03-21,10,10,,2,,
2020-05-08,2020-03-22,9,9,,1,,
2020-05-08,2020-03-23,32,32,,1,,
2020-05-08,2020-03-24,47,47,,1,,
2020-05-08,2020-03-25,40,40,,0,,
2020-05-08,2020-03-26,73,54,19,3,,
2020-05-08,2020-03-27,76,47,29,2,,
2020-05-08,2020-03-28,18,18,,3,,
2020-05-08,2020-03-29,12,12,,3,,
2020-05-08,2020-03-30,83,81,2,3,,
2020-05-08,2020-03-31,67,59,8,1,,
2020-05-08,2020-04-01,79,71,8,3,,
2020-05-08,2020-04-02,59,51,8,1,,
2020-05-08,2020-04-03,63,51,12,5,,
2020-05-08,2020-04-04,13,11,2,4,,
2020-05-08,2020-04-05,4,3,1,2,,
2020-05-08,2020-04-06,63,47,16,3,,
2020-05-08,2020-04-07,58,32,26,3,,
2020-05-08,2020-04-08,59,25,34,3,,
2020-05-08,2020-04-09,56,38,18,4,,
2020-05-08,2020-04-10,7,2,5,4,,
2020-05-08,2020-04-11,17,13,4,3,,
2020-05-08,2020-04-12,8,5,3,0,,
2020-05-08,2020-04-13,55,25,30,6,,
2020-05-08,2020-04-14,76,24,52,3,,
2020-05-08,2020-04-15,72,29,43,3,,
2020-05-08,2020-04-16,70,24,46,4,,
2020-05-08,2020-04-17,60,20,40,1,,
2020-05-08,2020-04-18,19,5,14,3,,
2020-05-08,2020-04-19,3,1,2,3,,
2020-05-08,2020-04-20,57,9,48,1,,
2020-05-08,2020-04-21,83,15,68,3,,
2020-05-08,2020-04-22,99,19,80,5,,
2020-05-08,2020-04-23,93,17,76,1,,
2020-05-08,2020-04-24,97,14,83,3,,
2020-05-08,2020-04-25,19,1,18,0,,
2020-05-08,2020-04-26,6,,6,5,,
2020-05-08,2020-04-27,82,7,75,0,,
2020-05-08,2020-04-28,77,7,70,2,,
2020-05-08,2020-04-29,36,5,31,0,,
2020-05-08,2020-04-30,58,10,48,1,,
2020-05-08,2020-05-01,61,2,59,2,,
2020-05-08,2020-05-02,14,,14,2,,
2020-05-08,2020-05-03,3,,3,2,,
2020-05-08,2020-05-04,36,1,35,1,,
2020-05-08,2020-05-05,3,,3,0,,
2020-05-08,2020-05-06,,,,0,,
2020-05-08,2020-05-07,,,,1,,
2020-05-09,2020-03-09,1,1,,,,
2020-05-09,2020-03-10,,,,,,
2020-05-09,2020-03-11,,,,,,
2020-05-09,2020-03-12,,,,,,
2020-05-09,2020-03-13,4,4,,,,
2020-05-09,2020-03-14,3,3,,,,
2020-05-09,2020-03-15,,,,,,
2020-05-09,2020-03-16,7,7,,,,
2020-05-09,2020-03-17,6,6,,1,,
2020-05-09,2020-03-18,5,5,,0,,
2020-05-09,2020-03-19,4,4,,0,,
2020-05-09,2020-03-20,11,11,,0,,
2020-05-09,2020-03-21,10,10,,2,,
2020-05-09,2020-03-22,9,9,,1,,
2020-05-09,2020-03-23,32,32,,1,,
2020-05-09,2020-03-24,47,47,,1,,
2020-05-09,2020-03-25,40,40,,0,,
2020-05-09,2020-03-26,73,54,19,3,,
2020-05-09,2020-03-27,76,47,29,2,,
2020-05-09,2020-03-28,18,18,,3,,
2020-05-09,2020-03-29,12,12,,3,,
2020-05-09,2020-03-30,83,81,2,3,,
2020-05-09,2020-03-31,67,59,8,1,,
2020-05-09,2020-04-01,79,71,8,3,,
2020-05-09,2020-04-02,59,51,8,1,,
2020-05-09,2020-04-03,63,51,12,5,,
2020-05-09,2020-04-04,13,11,2,4,,
2020-05-09,2020-04-05,4,3,1,2,,
2020-05-09,2020-04-06,63,47,16,3,,
2020-05-09,2020-04-07,58,32,26,3,,
2020-05-09,2020-04-08,59,25,34,3,,
2020-05-09,2020-04-09,56,38,18,4,,
2020-05-09,2020-04-10,7,2,5,5,,
2020-05-09,2020-04-11,17,13,4,3,,
2020-05-09,2020-04-12,8,5,3,0,,
2020-05-09,2020-04-13,55,25,30,6,,
2020-05-09,2020-04-14,76,24,52,3,,
2020-05-09,2020-04-15,72,29,43,3,,
2020-05-09,2020-04-16,70,24,46,4,,
2020-05-09,2020-04-17,60,20,40,1,,
2020-05-09,2020-04-18,19,5,14,3,,
2020-05-09,2020-04-19,3,1,2,3,,
2020-05-09,2020-04-20,58,10,48,1,,
2020-05-09,2020-04-21,83,15,68,3,,
2020-05-09,2020-04-22,100,20,80,5,,
2020-05-09,2020-04-23,93,17,76,1,,
2020-05-09,2020-04-24,97,14,83,3,,
2020-05-09,2020-04-25,19,1,18,0,,
2020-05-09,2020-04-26,6,,6,5,,
2020-05-09,2020-04-27,84,9,75,0,,
2020-05-09,2020-04-28,78,7,71,2,,
2020-05-09,2020-04-29,39,6,33,0,,
2020-05-09,2020-04-30,64,10,54,1,,
2020-05-09,2020-05-01,63,2,61,2,,
2020-05-09,2020-05-02,14,,14,4,,
2020-05-09,2020-05-03,3,,3,2,,
2020-05-09,2020-05-04,42,2,40,1,,
2020-05-09,2020-05-05,6,,6,0,,
2020-05-09,2020-05-06,,,,0,,
2020-05-09,2020-05-07,,,,1,,
2020-05-09,2020-05-08,,,,0,,
2020-05-09,2020-05-09,,,,0,,
2020-05-10,2020-03-09,1,1,,,,
2020-05-10,2020-03-10,,,,,,
2020-05-10,2020-03-11,,,,,,
2020-05-10,2020-03-12,,,,,,
2020-05-10,2020-03-13,4,4,,,,
2020-05-10,2020-03-14,3,3,,,,
2020-05-10,2020-03-15,,,,,,
2020-05-10,2020-03-16,7,7,,,,
2020-05-10,2020-03-17,6,6,,1,,
2020-05-10,2020-03-18,5,5,,0,,
2020-05-10,2020-03-19,4,4,,0,,
2020-05-10,2020-03-20,11,11,,0,,
2020-05-10,2020-03-21,10,10,,2,,
2020-05-10,2020-03-22,9,9,,1,,
2020-05-10,2020-03-23,32,32,,1,,
2020-05-10,2020-03-24,47,47,,1,,
2020-05-10,2020-03-25,40,40,,0,,
2020-05-10,2020-03-26,73,54,19,3,,
2020-05-10,2020-03-27,76,47,29,2,,
2020-05-10,2020-03-28,18,18,,3,,
2020-05-10,2020-03-29,12,12,,3,,
2020-05-10,2020-03-30,83,81,2,3,,
2020-05-10,2020-03-31,67,59,8,1,,
2020-05-10,2020-04-01,79,71,8,3,,
2020-05-10,2020-04-02,59,51,8,1,,
2020-05-10,2020-04-03,63,51,12,5,,
2020-05-10,2020-04-04,13,11,2,4,,
2020-05-10,2020-04-05,4,3,1,2,,
2020-05-10,2020-04-06,63,47,16,3,,
2020-05-10,2020-04-07,58,32,26,3,,
2020-05-10,2020-04-08,59,25,34,3,,
2020-05-10,2020-04-09,56,38,18,4,,
2020-05-10,2020-04-10,7,2,5,5,,
2020-05-10,2020-04-11,17,13,4,3,,
2020-05-10,2020-04-12,8,5,3,0,,
2020-05-10,2020-04-13,55,25,30,6,,
2020-05-10,2020-04-14,76,24,52,3,,
2020-05-10,2020-04-15,72,29,43,3,,
2020-05-10,2020-04-16,68,24,44,4,,
2020-05-10,2020-04-17,59,20,39,1,,
2020-05-10,2020-04-18,19,5,14,3,,
2020-05-10,2020-04-19,3,1,2,3,,
2020-05-10,2020-04-20,58,10,48,1,,
2020-05-10,2020-04-21,83,15,68,3,,
2020-05-10,2020-04-22,100,20,80,5,,
2020-05-10,2020-04-23,94,17,77,1,,
2020-05-10,2020-04-24,96,14,82,3,,
2020-05-10,2020-04-25,19,1,18,0,,
2020-05-10,2020-04-26,6,,6,5,,
2020-05-10,2020-04-27,83,9,74,0,,
2020-05-10,2020-04-28,77,7,70,2,,
2020-05-10,2020-04-29,41,8,33,0,,
2020-05-10,2020-04-30,68,13,55,1,,
2020-05-10,2020-05-01,64,3,61,2,,
2020-05-10,2020-05-02,15,1,14,4,,
2020-05-10,2020-05-03,6,1,5,2,,
2020-05-10,2020-05-04,55,4,51,2,,
2020-05-10,2020-05-05,36,4,32,1,,
2020-05-10,2020-05-06,9,,9,0,,
2020-05-10,2020-05-07,,,,1,,
2020-05-10,2020-05-08,,,,0,,
2020-05-10,2020-05-09,,,,0,,
2020-05-10,2020-05-10,,,,0,,
2020-05-11,2020-03-09,1,1,,,,
2020-05-11,2020-03-10,,,,,,
2020-05-11,2020-03-11,,,,,,
2020-05-11,2020-03-12,,,,,,
2020-05-11,2020-03-13,4,4,,,,
2020-05-11,2020-03-14,3,3,,,,
2020-05-11,2020-03-15,,,,,,
2020-05-11,2020-03-16,7,7,,,,
2020-05-11,2020-03-17,6,6,,1,,
2020-05-11,2020-03-18,5,5,,0,,
2020-05-11,2020-03-19,4,4,,0,,
2020-05-11,2020-03-20,11,11,,0,,
2020-05-11,2020-03-21,10,10,,2,,
2020-05-11,2020-03-22,9,9,,1,,
2020-05-11,2020-03-23,32,32,,1,,
2020-05-11,2020-03-24,47,47,,1,,
2020-05-11,2020-03-25,40,40,,0,,
2020-05-11,2020-03-26,73,54,19,3,,
2020-05-11,2020-03-27,76,47,29,2,,
2020-05-11,2020-03-28,18,18,,3,,
2020-05-11,2020-03-29,12,12,,3,,
2020-05-11,2020-03-30,83,81,2,3,,
2020-05-11,2020-03-31,67,59,8,1,,
2020-05-11,2020-04-01,79,71,8,3,,
2020-05-11,2020-04-02,59,51,8,1,,
2020-05-11,2020-04-03,63,51,12,5,,
2020-05-11,2020-04-04,13,11,2,4,,
2020-05-11,2020-04-05,4,3,1,2,,
2020-05-11,2020-04-06,63,47,16,3,,
2020-05-11,2020-04-07,58,32,26,3,,
2020-05-11,2020-04-08,59,25,34,3,,
2020-05-11,2020-04-09,56,38,18,4,,
2020-05-11,2020-04-10,7,2,5,5,,
2020-05-11,2020-04-11,17,13,4,3,,
2020-05-11,2020-04-12,8,5,3,0,,
2020-05-11,2020-04-13,55,25,30,6,,
2020-05-11,2020-04-14,76,24,52,3,,
2020-05-11,2020-04-15,72,29,43,3,,
2020-05-11,2020-04-16,68,24,44,4,,
2020-05-11,2020-04-17,59,20,39,1,,
2020-05-11,2020-04-18,19,5,14,3,,
2020-05-11,2020-04-19,3,1,2,3,,
2020-05-11,2020-04-20,58,10,48,1,,
2020-05-11,2020-04-21,83,15,68,3,,
2020-05-11,2020-04-22,100,20,80,5,,
2020-05-11,2020-04-23,94,17,77,1,,
2020-05-11,2020-04-24,97,14,83,3,,
2020-05-11,2020-04-25,19,1,18,0,,
2020-05-11,2020-04-26,6,,6,5,,
2020-05-11,2020-04-27,83,9,74,0,,
2020-05-11,2020-04-28,77,7,70,2,,
2020-05-11,2020-04-29,41,8,33,0,,
2020-05-11,2020-04-30,70,15,55,1,,
2020-05-11,2020-05-01,64,3,61,2,,
2020-05-11,2020-05-02,17,2,15,4,,
2020-05-11,2020-05-03,6,1,5,2,,
2020-05-11,2020-05-04,68,7,61,2,,
2020-05-11,2020-05-05,53,6,47,1,,
2020-05-11,2020-05-06,17,,17,0,,
2020-05-11,2020-05-07,,,,1,,
2020-05-11,2020-05-08,,,,0,,
2020-05-11,2020-05-09,,,,0,,
2020-05-11,2020-05-10,,,,1,,
2020-05-11,2020-05-11,,,,0,,
2020-05-12,2020-03-09,1,1,,,,
2020-05-12,2020-03-10,,,,,,
2020-05-12,2020-03-11,,,,,,
2020-05-12,2020-03-12,,,,,,
2020-05-12,2020-03-13,4,4,,,,
2020-05-12,2020-03-14,3,3,,,,
2020-05-12,2020-03-15,,,,,,
2020-05-12,2020-03-16,7,7,,,,
2020-05-12,2020-03-17,6,6,,1,,
2020-05-12,2020-03-18,5,5,,0,,
2020-05-12,2020-03-19,4,4,,0,,
2020-05-12,2020-03-20,11,11,,0,,
2020-05-12,2020-03-21,10,10,,2,,
2020-05-12,2020-03-22,9,9,,1,,
2020-05-12,2020-03-23,32,32,,1,,
2020-05-12,2020-03-24,47,47,,1,,
2020-05-12,2020-03-25,40,40,,0,,
2020-05-12,2020-03-26,73,54,19,3,,
2020-05-12,2020-03-27,76,47,29,2,,
2020-05-12,2020-03-28,18,18,,3,,
2020-05-12,2020-03-29,12,12,,3,,
2020-05-12,2020-03-30,83,81,2,3,,
2020-05-12,2020-03-31,67,59,8,1,,
2020-05-12,2020-04-01,79,71,8,3,,
2020-05-12,2020-04-02,59,51,8,1,,
2020-05-12,2020-04-03,63,51,12,5,,
2020-05-12,2020-04-04,13,11,2,4,,
2020-05-12,2020-04-05,4,3,1,2,,
2020-05-12,2020-04-06,63,47,16,3,,
2020-05-12,2020-04-07,58,32,26,3,,
2020-05-12,2020-04-08,59,25,34,3,,
2020-05-12,2020-04-09,56,38,18,4,,
2020-05-12,2020-04-10,7,2,5,5,,
2020-05-12,2020-04-11,17,13,4,3,,
2020-05-12,2020-04-12,8,5,3,0,,
2020-05-12,2020-04-13,55,25,30,6,,
2020-05-12,2020-04-14,76,24,52,3,,
2020-05-12,2020-04-15,72,29,43,3,,
2020-05-12,2020-04-16,68,24,44,4,,
2020-05-12,2020-04-17,59,20,39,1,,
2020-05-12,2020-04-18,19,5,14,3,,
2020-05-12,2020-04-19,3,1,2,3,,
2020-05-12,2020-04-20,58,10,48,1,,
2020-05-12,2020-04-21,83,15,68,3,,
2020-05-12,2020-04-22,100,20,80,5,,
2020-05-12,2020-04-23,94,17,77,1,,
2020-05-12,2020-04-24,97,14,83,3,,
2020-05-12,2020-04-25,19,1,18,0,,
2020-05-12,2020-04-26,6,,6,5,,
2020-05-12,2020-04-27,83,9,74,0,,
2020-05-12,2020-04-28,77,7,70,2,,
2020-05-12,2020-04-29,41,8,33,0,,
2020-05-12,2020-04-30,72,15,57,1,,
2020-05-12,2020-05-01,66,5,61,2,,
2020-05-12,2020-05-02,19,2,17,4,,
2020-05-12,2020-05-03,6,1,5,2,,
2020-05-12,2020-05-04,76,7,69,2,,
2020-05-12,2020-05-05,63,6,57,2,,
2020-05-12,2020-05-06,23,,23,0,,
2020-05-12,2020-05-07,,,,1,,
2020-05-12,2020-05-08,,,,0,,
2020-05-12,2020-05-09,,,,0,,
2020-05-12,2020-05-10,,,,1,,
2020-05-12,2020-05-11,,,,0,,
2020-05-12,2020-05-12,,,,0,,
2020-05-13,2020-03-09,1,1,,,,
2020-05-13,2020-03-10,,,,,,
2020-05-13,2020-03-11,,,,,,
2020-05-13,2020-03-12,,,,,,
2020-05-13,2020-03-13,4,4,,,,
2020-05-13,2020-03-14,3,3,,,,
2020-05-13,2020-03-15,,,,,,
2020-05-13,2020-03-16,7,7,,,,
2020-05-13,2020-03-17,6,6,,1,,
2020-05-13,2020-03-18,5,5,,0,,
2020-05-13,2020-03-19,4,4,,0,,
2020-05-13,2020-03-20,11,11,,0,,
2020-05-13,2020-03-21,10,10,,2,,
2020-05-13,2020-03-22,9,9,,1,,
2020-05-13,2020-03-23,32,32,,1,,
2020-05-13,2020-03-24,47,47,,1,,
2020-05-13,2020-03-25,40,40,,0,,
2020-05-13,2020-03-26,73,54,19,3,,
2020-05-13,2020-03-27,76,47,29,2,,
2020-05-13,2020-03-28,18,18,,3,,
2020-05-13,2020-03-29,12,12,,3,,
2020-05-13,2020-03-30,83,81,2,3,,
2020-05-13,2020-03-31,67,59,8,1,,
2020-05-13,2020-04-01,79,71,8,3,,
2020-05-13,2020-04-02,59,51,8,1,,
2020-05-13,2020-04-03,63,51,12,5,,
2020-05-13,2020-04-04,13,11,2,4,,
2020-05-13,2020-04-05,4,3,1,2,,
2020-05-13,2020-04-06,63,47,16,3,,
2020-05-13,2020-04-07,58,32,26,3,,
2020-05-13,2020-04-08,59,25,34,3,,
2020-05-13,2020-04-09,56,38,18,4,,
2020-05-13,2020-04-10,7,2,5,5,,
2020-05-13,2020-04-11,17,13,4,3,,
2020-05-13,2020-04-12,8,5,3,0,,
2020-05-13,2020-04-13,54,25,29,6,,
2020-05-13,2020-04-14,76,24,52,3,,
2020-05-13,2020-04-15,72,29,43,4,,
2020-05-13,2020-04-16,68,24,44,4,,
2020-05-13,2020-04-17,59,20,39,1,,
2020-05-13,2020-04-18,19,5,14,3,,
2020-05-13,2020-04-19,3,1,2,3,,
2020-05-13,2020-04-20,58,10,48,1,,
2020-05-13,2020-04-21,83,15,68,4,,
2020-05-13,2020-04-22,99,20,79,5,,
2020-05-13,2020-04-23,94,17,77,1,,
2020-05-13,2020-04-24,96,14,82,3,,
2020-05-13,2020-04-25,18,1,17,0,,
2020-05-13,2020-04-26,6,,6,5,,
2020-05-13,2020-04-27,83,9,74,0,,
2020-05-13,2020-04-28,86,10,76,2,,
2020-05-13,2020-04-29,50,11,39,0,,
2020-05-13,2020-04-30,72,16,56,1,,
2020-05-13,2020-05-01,72,5,67,2,,
2020-05-13,2020-05-02,19,2,17,4,,
2020-05-13,2020-05-03,8,1,7,2,,
2020-05-13,2020-05-04,77,6,71,2,,
2020-05-13,2020-05-05,74,7,67,2,,
2020-05-13,2020-05-06,58,2,56,0,,
2020-05-13,2020-05-07,28,,28,1,,
2020-05-13,2020-05-08,1,,1,0,,
2020-05-13,2020-05-09,,,,0,,
2020-05-13,2020-05-10,,,,1,,
2020-05-13,2020-05-11,,,,0,,
2020-05-13,2020-05-12,,,,0,,
2020-05-13,2020-05-13,,,,0,,
2020-05-14,2020-03-09,1,1,,,,
2020-05-14,2020-03-10,,,,,,
2020-05-14,2020-03-11,,,,,,
2020-05-14,2020-03-12,,,,,,
2020-05-14,2020-03-13,4,4,,,,
2020-05-14,2020-03-14,3,3,,,,
2020-05-14,2020-03-15,,,,,,
2020-05-14,2020-03-16,7,7,,,,
2020-05-14,2020-03-17,6,6,,1,,
2020-05-14,2020-03-18,5,5,,0,,
2020-05-14,2020-03-19,4,4,,0,,
2020-05-14,2020-03-20,11,11,,0,,
2020-05-14,2020-03-21,10,10,,2,,
2020-05-14,2020-03-22,9,9,,1,,
2020-05-14,2020-03-23,32,32,,1,,
2020-05-14,2020-03-24,47,47,,1,,
2020-05-14,2020-03-25,40,40,,0,,
2020-05-14,2020-03-26,73,54,19,3,,
2020-05-14,2020-03-27,76,47,29,2,,
2020-05-14,2020-03-28,18,18,,3,,
2020-05-14,2020-03-29,12,12,,3,,
2020-05-14,2020-03-30,83,81,2,3,,
2020-05-14,2020-03-31,67,59,8,1,,
2020-05-14,2020-04-01,79,71,8,3,,
2020-05-14,2020-04-02,59,51,8,1,,
2020-05-14,2020-04-03,63,51,12,5,,
2020-05-14,2020-04-04,13,11,2,4,,
2020-05-14,2020-04-05,4,3,1,2,,
2020-05-14,2020-04-06,63,47,16,3,,
2020-05-14,2020-04-07,58,32,26,3,,
2020-05-14,2020-04-08,59,25,34,3,,
2020-05-14,2020-04-09,56,38,18,4,,
2020-05-14,2020-04-10,7,2,5,5,,
2020-05-14,2020-04-11,17,13,4,3,,
2020-05-14,2020-04-12,8,5,3,0,,
2020-05-14,2020-04-13,54,25,29,6,,
2020-05-14,2020-04-14,76,24,52,3,,
2020-05-14,2020-04-15,73,29,44,4,,
2020-05-14,2020-04-16,68,24,44,4,,
2020-05-14,2020-04-17,59,20,39,1,,
2020-05-14,2020-04-18,19,5,14,3,,
2020-05-14,2020-04-19,3,1,2,3,,
2020-05-14,2020-04-20,58,10,48,1,,
2020-05-14,2020-04-21,83,15,68,4,,
2020-05-14,2020-04-22,99,20,79,5,,
2020-05-14,2020-04-23,94,17,77,2,,
2020-05-14,2020-04-24,97,14,83,3,,
2020-05-14,2020-04-25,18,1,17,1,,
2020-05-14,2020-04-26,6,,6,5,,
2020-05-14,2020-04-27,84,9,75,0,,
2020-05-14,2020-04-28,87,11,76,2,,
2020-05-14,2020-04-29,54,11,43,0,,
2020-05-14,2020-04-30,73,16,57,1,,
2020-05-14,2020-05-01,72,5,67,2,,
2020-05-14,2020-05-02,19,2,17,4,,
2020-05-14,2020-05-03,8,1,7,2,,
2020-05-14,2020-05-04,91,6,85,2,,
2020-05-14,2020-05-05,84,8,76,2,,
2020-05-14,2020-05-06,67,9,58,1,,
2020-05-14,2020-05-07,62,5,57,2,,
2020-05-14,2020-05-08,38,1,37,0,,
2020-05-14,2020-05-09,2,,2,0,,
2020-05-14,2020-05-10,,,,1,,
2020-05-14,2020-05-11,,,,0,,
2020-05-14,2020-05-12,,,,0,,
2020-05-14,2020-05-13,,,,0,,
2020-05-14,2020-05-14,,,,1,,
2020-05-15,2020-03-09,1,1,,,,
2020-05-15,2020-03-10,,,,,,
2020-05-15,2020-03-11,,,,,,
2020-05-15,2020-03-12,,,,,,
2020-05-15,2020-03-13,4,4,,,,
2020-05-15,2020-03-14,3,3,,,,
2020-05-15,2020-03-15,,,,,,
2020-05-15,2020-03-16,8,8,,,,
2020-05-15,2020-03-17,6,6,,1,,
2020-05-15,2020-03-18,5,5,,0,,
2020-05-15,2020-03-19,5,5,,0,,
2020-05-15,2020-03-20,12,12,,0,,
2020-05-15,2020-03-21,10,10,,2,,
2020-05-15,2020-03-22,9,9,,1,,
2020-05-15,2020-03-23,32,32,,1,,
2020-05-15,2020-03-24,47,47,,1,,
2020-05-15,2020-03-25,41,41,,0,,
2020-05-15,2020-03-26,73,54,19,3,,
2020-05-15,2020-03-27,77,48,29,2,,
2020-05-15,2020-03-28,23,23,,3,,
2020-05-15,2020-03-29,12,12,,3,,
2020-05-15,2020-03-30,84,82,2,3,,
2020-05-15,2020-03-31,64,56,8,1,,
2020-05-15,2020-04-01,80,72,8,3,,
2020-05-15,2020-04-02,60,52,8,1,,
2020-05-15,2020-04-03,62,50,12,5,,
2020-05-15,2020-04-04,15,13,2,4,,
2020-05-15,2020-04-05,4,3,1,2,,
2020-05-15,2020-04-06,64,48,16,3,,
2020-05-15,2020-04-07,58,32,26,3,,
2020-05-15,2020-04-08,59,25,34,3,,
2020-05-15,2020-04-09,55,37,18,4,,
2020-05-15,2020-04-10,7,2,5,5,,
2020-05-15,2020-04-11,17,13,4,3,,
2020-05-15,2020-04-12,7,4,3,0,,
2020-05-15,2020-04-13,56,27,29,6,,
2020-05-15,2020-04-14,73,22,51,3,,
2020-05-15,2020-04-15,72,29,43,4,,
2020-05-15,2020-04-16,71,27,44,4,,
2020-05-15,2020-04-17,61,21,40,1,,
2020-05-15,2020-04-18,19,5,14,3,,
2020-05-15,2020-04-19,3,1,2,3,,
2020-05-15,2020-04-20,58,10,48,1,,
2020-05-15,2020-04-21,83,15,68,4,,
2020-05-15,2020-04-22,97,21,76,5,,
2020-05-15,2020-04-23,93,16,77,2,,
2020-05-15,2020-04-24,97,14,83,3,,
2020-05-15,2020-04-25,18,1,17,1,,
2020-05-15,2020-04-26,6,,6,5,,
2020-05-15,2020-04-27,84,9,75,0,,
2020-05-15,2020-04-28,86,11,75,2,,
2020-05-15,2020-04-29,58,14,44,0,,
2020-05-15,2020-04-30,72,15,57,1,,
2020-05-15,2020-05-01,71,4,67,2,,
2020-05-15,2020-05-02,18,2,16,4,,
2020-05-15,2020-05-03,8,1,7,2,,
2020-05-15,2020-05-04,91,6,85,2,,
2020-05-15,2020-05-05,82,7,75,2,,
2020-05-15,2020-05-06,74,10,64,1,,
2020-05-15,2020-05-07,65,7,58,2,,
2020-05-15,2020-05-08,58,9,49,0,,
2020-05-15,2020-05-09,5,1,4,0,,
2020-05-15,2020-05-10,2,,2,1,,
2020-05-15,2020-05-11,4,,4,0,,
2020-05-15,2020-05-12,,,,0,,
2020-05-15,2020-05-13,,,,0,,
2020-05-15,2020-05-14,,,,1,,
2020-05-15,2020-05-15,,,,0,,
2020-05-16,2020-03-09,1,1,,,,
2020-05-16,2020-03-10,,,,,,
2020-05-16,2020-03-11,,,,,,
2020-05-16,2020-03-12,,,,,,
2020-05-16,2020-03-13,4,4,,,,
2020-05-16,2020-03-14,3,3,,,,
2020-05-16,2020-03-15,,,,,,
2020-05-16,2020-03-16,8,8,,,,
2020-05-16,2020-03-17,6,6,,1,,
2020-05-16,2020-03-18,5,5,,0,,
2020-05-16,2020-03-19,5,5,,0,,
2020-05-16,2020-03-20,12,12,,0,,
2020-05-16,2020-03-21,10,10,,2,,
2020-05-16,2020-03-22,10,10,,1,,
2020-05-16,2020-03-23,32,32,,1,,
2020-05-16,2020-03-24,47,47,,1,,
2020-05-16,2020-03-25,41,41,,0,,
2020-05-16,2020-03-26,73,54,19,3,,
2020-05-16,2020-03-27,79,50,29,2,,
2020-05-16,2020-03-28,24,24,,3,,
2020-05-16,2020-03-29,12,12,,3,,
2020-05-16,2020-03-30,84,82,2,3,,
2020-05-16,2020-03-31,64,56,8,1,,
2020-05-16,2020-04-01,80,72,8,3,,
2020-05-16,2020-04-02,60,52,8,1,,
2020-05-16,2020-04-03,62,50,12,5,,
2020-05-16,2020-04-04,15,13,2,4,,
2020-05-16,2020-04-05,4,3,1,2,,
2020-05-16,2020-04-06,66,50,16,3,,
2020-05-16,2020-04-07,60,34,26,3,,
2020-05-16,2020-04-08,61,27,34,3,,
2020-05-16,2020-04-09,55,37,18,4,,
2020-05-16,2020-04-10,7,2,5,5,,
2020-05-16,2020-04-11,17,13,4,3,,
2020-05-16,2020-04-12,7,4,3,0,,
2020-05-16,2020-04-13,56,27,29,6,,
2020-05-16,2020-04-14,76,25,51,3,,
2020-05-16,2020-04-15,73,30,43,4,,
2020-05-16,2020-04-16,72,28,44,4,,
2020-05-16,2020-04-17,62,22,40,1,,
2020-05-16,2020-04-18,19,5,14,3,,
2020-05-16,2020-04-19,3,1,2,3,,
2020-05-16,2020-04-20,62,14,48,1,,
2020-05-16,2020-04-21,84,16,68,4,,
2020-05-16,2020-04-22,97,21,76,5,,
2020-05-16,2020-04-23,92,16,76,2,,
2020-05-16,2020-04-24,98,15,83,3,,
2020-05-16,2020-04-25,18,1,17,1,,
2020-05-16,2020-04-26,6,,6,5,,
2020-05-16,2020-04-27,85,10,75,0,,
2020-05-16,2020-04-28,86,11,75,2,,
2020-05-16,2020-04-29,60,16,44,0,,
2020-05-16,2020-04-30,72,15,57,1,,
2020-05-16,2020-05-01,71,4,67,2,,
2020-05-16,2020-05-02,18,2,16,4,,
2020-05-16,2020-05-03,8,1,7,2,,
2020-05-16,2020-05-04,91,6,85,2,,
2020-05-16,2020-05-05,85,7,78,2,,
2020-05-16,2020-05-06,78,10,68,1,,
2020-05-16,2020-05-07,69,10,59,2,,
2020-05-16,2020-05-08,69,14,55,0,,
2020-05-16,2020-05-09,5,1,4,0,,
2020-05-16,2020-05-10,2,,2,1,,
2020-05-16,2020-05-11,15,,15,0,,
2020-05-16,2020-05-12,,,,0,,
2020-05-16,2020-05-13,,,,0,,
2020-05-16,2020-05-14,,,,1,,
2020-05-16,2020-05-15,,,,1,,
2020-05-16,2020-05-16,,,,0,,
2020-05-17,2020-03-09,1,1,,,,
2020-05-17,2020-03-10,,,,,,
2020-05-17,2020-03-11,,,,,,
2020-05-17,2020-03-12,,,,,,
2020-05-17,2020-03-13,3,3,,,,
2020-05-17,2020-03-14,3,3,,,,
2020-05-17,2020-03-15,,,,,,
2020-05-17,2020-03-16,8,8,,,,
2020-05-17,2020-03-17,6,6,,1,,
2020-05-17,2020-03-18,5,5,,0,,
2020-05-17,2020-03-19,5,5,,0,,
2020-05-17,2020-03-20,12,12,,0,,
2020-05-17,2020-03-21,10,10,,2,,
2020-05-17,2020-03-22,10,10,,1,,
2020-05-17,2020-03-23,32,32,,1,,
2020-05-17,2020-03-24,47,47,,1,,
2020-05-17,2020-03-25,41,41,,0,,
2020-05-17,2020-03-26,76,57,19,3,,
2020-05-17,2020-03-27,79,50,29,2,,
2020-05-17,2020-03-28,25,25,,3,,
2020-05-17,2020-03-29,12,12,,3,,
2020-05-17,2020-03-30,84,82,2,3,,
2020-05-17,2020-03-31,66,56,10,1,,
2020-05-17,2020-04-01,80,72,8,3,,
2020-05-17,2020-04-02,61,53,8,1,,
2020-05-17,2020-04-03,62,50,12,5,,
2020-05-17,2020-04-04,15,13,2,4,,
2020-05-17,2020-04-05,4,3,1,2,,
2020-05-17,2020-04-06,66,50,16,3,,
2020-05-17,2020-04-07,62,35,27,3,,
2020-05-17,2020-04-08,62,28,34,3,,
2020-05-17,2020-04-09,55,37,18,4,,
2020-05-17,2020-04-10,7,2,5,5,,
2020-05-17,2020-04-11,17,13,4,3,,
2020-05-17,2020-04-12,7,4,3,0,,
2020-05-17,2020-04-13,59,28,31,6,,
2020-05-17,2020-04-14,76,25,51,3,,
2020-05-17,2020-04-15,74,31,43,4,,
2020-05-17,2020-04-16,73,29,44,4,,
2020-05-17,2020-04-17,64,21,43,1,,
2020-05-17,2020-04-18,23,9,14,3,,
2020-05-17,2020-04-19,3,1,2,3,,
2020-05-17,2020-04-20,66,16,50,1,,
2020-05-17,2020-04-21,89,21,68,4,,
2020-05-17,2020-04-22,102,26,76,5,,
2020-05-17,2020-04-23,95,19,76,2,,
2020-05-17,2020-04-24,99,16,83,3,,
2020-05-17,2020-04-25,18,1,17,2,,
2020-05-17,2020-04-26,6,,6,5,,
2020-05-17,2020-04-27,84,9,75,0,,
2020-05-17,2020-04-28,86,11,75,2,,
2020-05-17,2020-04-29,63,17,46,0,,
2020-05-17,2020-04-30,75,18,57,1,,
2020-05-17,2020-05-01,72,5,67,2,,
2020-05-17,2020-05-02,20,4,16,4,,
2020-05-17,2020-05-03,8,1,7,2,,
2020-05-17,2020-05-04,92,7,85,2,,
2020-05-17,2020-05-05,88,11,77,2,,
2020-05-17,2020-05-06,79,10,69,1,,
2020-05-17,2020-05-07,72,13,59,2,,
2020-05-17,2020-05-08,71,16,55,0,,
2020-05-17,2020-05-09,5,1,4,0,,
2020-05-17,2020-05-10,2,,2,1,,
2020-05-17,2020-05-11,19,4,15,0,,
2020-05-17,2020-05-12,,,,0,,
2020-05-17,2020-05-13,1,,1,0,,
2020-05-17,2020-05-14,3,,3,1,,
2020-05-17,2020-05-15,,,,1,,
2020-05-17,2020-05-16,,,,0,,
2020-05-17,2020-05-17,,,,0,,
2020-05-18,2020-03-09,1,1,,,,
2020-05-18,2020-03-10,,,,,,
2020-05-18,2020-03-11,,,,,,
2020-05-18,2020-03-12,,,,,,
2020-05-18,2020-03-13,3,3,,,,
2020-05-18,2020-03-14,3,3,,,,
2020-05-18,2020-03-15,,,,,,
2020-05-18,2020-03-16,8,8,,,,
2020-05-18,2020-03-17,6,6,,1,,
2020-05-18,2020-03-18,5,5,,0,,
2020-05-18,2020-03-19,5,5,,0,,
2020-05-18,2020-03-20,12,12,,0,,
2020-05-18,2020-03-21,10,10,,2,,
2020-05-18,2020-03-22,10,10,,1,,
2020-05-18,2020-03-23,32,32,,1,,
2020-05-18,2020-03-24,47,47,,1,,
2020-05-18,2020-03-25,41,41,,0,,
2020-05-18,2020-03-26,76,57,19,3,,
2020-05-18,2020-03-27,79,50,29,2,,
2020-05-18,2020-03-28,25,25,,3,,
2020-05-18,2020-03-29,12,12,,3,,
2020-05-18,2020-03-30,84,82,2,3,,
2020-05-18,2020-03-31,66,56,10,1,,
2020-05-18,2020-04-01,80,72,8,3,,
2020-05-18,2020-04-02,61,53,8,1,,
2020-05-18,2020-04-03,62,50,12,5,,
2020-05-18,2020-04-04,15,13,2,4,,
2020-05-18,2020-04-05,4,3,1,2,,
2020-05-18,2020-04-06,66,50,16,3,,
2020-05-18,2020-04-07,62,35,27,3,,
2020-05-18,2020-04-08,62,28,34,3,,
2020-05-18,2020-04-09,55,37,18,4,,
2020-05-18,2020-04-10,7,2,5,5,,
2020-05-18,2020-04-11,17,13,4,3,,
2020-05-18,2020-04-12,7,4,3,0,,
2020-05-18,2020-04-13,59,28,31,6,,
2020-05-18,2020-04-14,76,25,51,3,,
2020-05-18,2020-04-15,75,32,43,4,,
2020-05-18,2020-04-16,73,29,44,4,,
2020-05-18,2020-04-17,64,21,43,1,,
2020-05-18,2020-04-18,23,9,14,3,,
2020-05-18,2020-04-19,3,1,2,3,,
2020-05-18,2020-04-20,66,16,50,1,,
2020-05-18,2020-04-21,89,21,68,4,,
2020-05-18,2020-04-22,102,26,76,5,,
2020-05-18,2020-04-23,95,19,76,2,,
2020-05-18,2020-04-24,100,17,83,3,,
2020-05-18,2020-04-25,18,1,17,2,,
2020-05-18,2020-04-26,6,,6,5,,
2020-05-18,2020-04-27,84,9,75,0,,
2020-05-18,2020-04-28,86,11,75,2,,
2020-05-18,2020-04-29,63,17,46,0,,
2020-05-18,2020-04-30,78,18,60,1,,
2020-05-18,2020-05-01,72,5,67,2,,
2020-05-18,2020-05-02,20,4,16,4,,
2020-05-18,2020-05-03,8,1,7,2,,
2020-05-18,2020-05-04,93,7,86,2,,
2020-05-18,2020-05-05,92,13,79,2,,
2020-05-18,2020-05-06,80,11,69,1,,
2020-05-18,2020-05-07,76,14,62,2,,
2020-05-18,2020-05-08,77,16,61,0,,
2020-05-18,2020-05-09,5,1,4,0,,
2020-05-18,2020-05-10,3,,3,1,,
2020-05-18,2020-05-11,40,7,33,0,,
2020-05-18,2020-05-12,35,2,33,0,,
2020-05-18,2020-05-13,18,1,17,0,,
2020-05-18,2020-05-14,3,,3,1,,
2020-05-18,2020-05-15,,,,1,,
2020-05-18,2020-05-16,,,,0,,
2020-05-18,2020-05-17,,,,0,,
2020-05-18,2020-05-18,,,,0,,
2020-05-19,2020-03-09,1,1,,,,
2020-05-19,2020-03-10,,,,,,
2020-05-19,2020-03-11,,,,,,
2020-05-19,2020-03-12,,,,,,
2020-05-19,2020-03-13,3,3,,,,
2020-05-19,2020-03-14,3,3,,,,
2020-05-19,2020-03-15,,,,,,
2020-05-19,2020-03-16,8,8,,,,
2020-05-19,2020-03-17,6,6,,1,,
2020-05-19,2020-03-18,5,5,,0,,
2020-05-19,2020-03-19,5,5,,0,,
2020-05-19,2020-03-20,12,12,,0,,
2020-05-19,2020-03-21,10,10,,2,,
2020-05-19,2020-03-22,10,10,,1,,
2020-05-19,2020-03-23,32,32,,1,,
2020-05-19,2020-03-24,47,47,,1,,
2020-05-19,2020-03-25,41,41,,0,,
2020-05-19,2020-03-26,75,56,19,3,,
2020-05-19,2020-03-27,79,50,29,2,,
2020-05-19,2020-03-28,25,25,,3,,
2020-05-19,2020-03-29,12,12,,3,,
2020-05-19,2020-03-30,85,82,3,3,,
2020-05-19,2020-03-31,65,56,9,1,,
2020-05-19,2020-04-01,80,72,8,3,,
2020-05-19,2020-04-02,61,53,8,1,,
2020-05-19,2020-04-03,62,50,12,5,,
2020-05-19,2020-04-04,15,13,2,4,,
2020-05-19,2020-04-05,4,3,1,2,,
2020-05-19,2020-04-06,66,50,16,3,,
2020-05-19,2020-04-07,62,35,27,3,,
2020-05-19,2020-04-08,62,28,34,3,,
2020-05-19,2020-04-09,55,37,18,4,,
2020-05-19,2020-04-10,7,2,5,5,,
2020-05-19,2020-04-11,17,13,4,3,,
2020-05-19,2020-04-12,7,4,3,0,,
2020-05-19,2020-04-13,58,28,30,6,,
2020-05-19,2020-04-14,76,25,51,3,,
2020-05-19,2020-04-15,75,32,43,4,,
2020-05-19,2020-04-16,73,29,44,4,,
2020-05-19,2020-04-17,64,21,43,1,,
2020-05-19,2020-04-18,23,9,14,3,,
2020-05-19,2020-04-19,3,1,2,3,,
2020-05-19,2020-04-20,66,16,50,1,,
2020-05-19,2020-04-21,89,21,68,4,,
2020-05-19,2020-04-22,103,26,77,5,,
2020-05-19,2020-04-23,95,19,76,2,,
2020-05-19,2020-04-24,100,17,83,3,,
2020-05-19,2020-04-25,18,1,17,2,,
2020-05-19,2020-04-26,6,,6,5,,
2020-05-19,2020-04-27,84,9,75,0,,
2020-05-19,2020-04-28,86,11,75,2,,
2020-05-19,2020-04-29,63,17,46,0,,
2020-05-19,2020-04-30,78,18,60,1,,
2020-05-19,2020-05-01,72,5,67,2,,
2020-05-19,2020-05-02,20,4,16,4,,
2020-05-19,2020-05-03,8,1,7,2,,
2020-05-19,2020-05-04,94,7,87,3,,
2020-05-19,2020-05-05,93,13,80,2,,
2020-05-19,2020-05-06,81,11,70,1,,
2020-05-19,2020-05-07,78,14,64,2,,
2020-05-19,2020-05-08,79,16,63,0,,
2020-05-19,2020-05-09,5,1,4,0,,
2020-05-19,2020-05-10,3,,3,1,,
2020-05-19,2020-05-11,58,7,51,0,,
2020-05-19,2020-05-12,52,2,50,0,,
2020-05-19,2020-05-13,26,1,25,0,,
2020-05-19,2020-05-14,15,,15,1,,
2020-05-19,2020-05-15,,,,1,,
2020-05-19,2020-05-16,,,,0,,
2020-05-19,2020-05-17,,,,0,,
2020-05-19,2020-05-18,,,,0,,
2020-05-19,2020-05-19,,,,0,,
2020-05-20,2020-03-09,1,1,,,,
2020-05-20,2020-03-10,,,,,,
2020-05-20,2020-03-11,,,,,,
2020-05-20,2020-03-12,,,,,,
2020-05-20,2020-03-13,3,3,,,,
2020-05-20,2020-03-14,3,3,,,0,2
2020-05-20,2020-03-15,,,,,,
2020-05-20,2020-03-16,8,8,,,5,16
2020-05-20,2020-03-17,6,6,,1,1,20
2020-05-20,2020-03-18,5,5,,0,5,28
2020-05-20,2020-03-19,5,5,,0,4,46
2020-05-20,2020-03-20,12,12,,0,13,62
2020-05-20,2020-03-21,10,10,,2,11,45
2020-05-20,2020-03-22,10,10,,1,2,3
2020-05-20,2020-03-23,32,32,,1,24,60
2020-05-20,2020-03-24,47,47,,1,47,136
2020-05-20,2020-03-25,41,41,,0,34,159
2020-05-20,2020-03-26,75,56,19,3,69,336
2020-05-20,2020-03-27,79,50,29,2,45,380
2020-05-20,2020-03-28,25,25,,3,19,180
2020-05-20,2020-03-29,12,12,,3,2,10
2020-05-20,2020-03-30,85,82,3,3,81,666
2020-05-20,2020-03-31,65,56,9,1,46,582
2020-05-20,2020-04-01,80,72,8,3,45,735
2020-05-20,2020-04-02,61,53,8,1,31,728
2020-05-20,2020-04-03,62,50,12,5,34,815
2020-05-20,2020-04-04,15,13,2,4,7,184
2020-05-20,2020-04-05,4,3,1,2,6,85
2020-05-20,2020-04-06,66,50,16,3,49,704
2020-05-20,2020-04-07,61,35,26,3,36,945
2020-05-20,2020-04-08,61,27,34,3,38,863
2020-05-20,2020-04-09,55,37,18,4,36,847
2020-05-20,2020-04-10,7,2,5,5,7,143
2020-05-20,2020-04-11,16,12,4,3,13,218
2020-05-20,2020-04-12,7,4,3,0,6,110
2020-05-20,2020-04-13,58,28,30,6,44,768
2020-05-20,2020-04-14,76,25,51,3,40,965
2020-05-20,2020-04-15,75,32,43,4,56,962
2020-05-20,2020-04-16,74,30,44,4,47,806
2020-05-20,2020-04-17,65,21,43,1,34,1001
2020-05-20,2020-04-18,23,9,14,3,22,447
2020-05-20,2020-04-19,3,1,2,3,4,80
2020-05-20,2020-04-20,66,16,50,1,41,1014
2020-05-20,2020-04-21,89,21,68,4,52,950
2020-05-20,2020-04-22,103,26,77,5,56,1049
2020-05-20,2020-04-23,95,19,76,2,37,1002
2020-05-20,2020-04-24,100,17,83,3,34,1010
2020-05-20,2020-04-25,18,1,17,2,7,451
2020-05-20,2020-04-26,6,,6,5,1,110
2020-05-20,2020-04-27,85,9,76,0,35,952
2020-05-20,2020-04-28,86,11,75,2,36,1722
2020-05-20,2020-04-29,63,17,46,0,44,1700
2020-05-20,2020-04-30,78,18,60,1,41,1673
2020-05-20,2020-05-01,72,5,67,2,25,2132
2020-05-20,2020-05-02,20,4,16,4,15,733
2020-05-20,2020-05-03,8,1,7,2,1,95
2020-05-20,2020-05-04,95,8,87,3,20,1412
2020-05-20,2020-05-05,94,13,81,2,23,1464
2020-05-20,2020-05-06,80,11,69,1,17,1308
2020-05-20,2020-05-07,79,14,65,2,15,1355
2020-05-20,2020-05-08,79,16,63,0,28,1817
2020-05-20,2020-05-09,6,2,4,0,3,330
2020-05-20,2020-05-10,3,,3,1,1,86
2020-05-20,2020-05-11,65,7,58,0,14,690
2020-05-20,2020-05-12,62,5,57,0,11,617
2020-05-20,2020-05-13,28,2,26,0,6,883
2020-05-20,2020-05-14,35,1,34,1,6,581
2020-05-20,2020-05-15,5,1,4,1,12,635
2020-05-20,2020-05-16,,,,0,3,187
2020-05-20,2020-05-17,1,,1,0,2,114
2020-05-20,2020-05-18,,,,0,0,565
2020-05-20,2020-05-19,,,,1,3,329
2020-05-20,2020-05-20,,,,0,,
2020-05-21,2020-03-09,1,1,,,,
2020-05-21,2020-03-10,,,,,,
2020-05-21,2020-03-11,,,,,,
2020-05-21,2020-03-12,,,,,,
2020-05-21,2020-03-13,3,3,,,,
2020-05-21,2020-03-14,3,3,,,,
2020-05-21,2020-03-15,,,,,,
2020-05-21,2020-03-16,9,9,,,,
2020-05-21,2020-03-17,6,6,,1,,
2020-05-21,2020-03-18,5,5,,0,,
2020-05-21,2020-03-19,5,5,,0,,
2020-05-21,2020-03-20,12,12,,0,,
2020-05-21,2020-03-21,10,10,,2,,
2020-05-21,2020-03-22,10,10,,1,,
2020-05-21,2020-03-23,33,33,,1,,
2020-05-21,2020-03-24,47,47,,1,,
2020-05-21,2020-03-25,41,41,,0,,
2020-05-21,2020-03-26,74,55,19,3,,
2020-05-21,2020-03-27,78,49,29,2,,
2020-05-21,2020-03-28,25,25,,3,,
2020-05-21,2020-03-29,12,12,,3,,
2020-05-21,2020-03-30,85,82,3,3,,
2020-05-21,2020-03-31,65,56,9,1,,
2020-05-21,2020-04-01,80,73,7,3,,
2020-05-21,2020-04-02,61,53,8,1,,
2020-05-21,2020-04-03,62,50,12,5,,
2020-05-21,2020-04-04,15,13,2,4,,
2020-05-21,2020-04-05,4,3,1,2,,
2020-05-21,2020-04-06,66,51,15,3,,
2020-05-21,2020-04-07,61,35,26,3,,
2020-05-21,2020-04-08,61,27,34,3,,
2020-05-21,2020-04-09,55,37,18,4,,
2020-05-21,2020-04-10,8,2,6,5,,
2020-05-21,2020-04-11,16,12,4,3,,
2020-05-21,2020-04-12,7,4,3,0,,
2020-05-21,2020-04-13,58,28,30,6,,
2020-05-21,2020-04-14,76,25,51,3,,
2020-05-21,2020-04-15,75,32,43,4,,
2020-05-21,2020-04-16,74,30,44,4,,
2020-05-21,2020-04-17,64,21,43,1,,
2020-05-21,2020-04-18,23,9,14,3,,
2020-05-21,2020-04-19,3,1,2,3,,
2020-05-21,2020-04-20,66,16,50,1,,
2020-05-21,2020-04-21,89,21,68,4,,
2020-05-21,2020-04-22,103,26,77,5,,
2020-05-21,2020-04-23,95,19,76,2,,
2020-05-21,2020-04-24,100,17,83,3,,
2020-05-21,2020-04-25,18,1,17,2,,
2020-05-21,2020-04-26,6,,6,5,,
2020-05-21,2020-04-27,84,9,75,0,,
2020-05-21,2020-04-28,86,11,75,2,,
2020-05-21,2020-04-29,63,17,46,0,,
2020-05-21,2020-04-30,78,18,60,1,,
2020-05-21,2020-05-01,73,5,68,2,,
2020-05-21,2020-05-02,20,4,16,4,,
2020-05-21,2020-05-03,8,1,7,2,,
2020-05-21,2020-05-04,93,7,86,3,,
2020-05-21,2020-05-05,95,13,82,2,,
2020-05-21,2020-05-06,80,11,69,1,,
2020-05-21,2020-05-07,79,14,65,2,,
2020-05-21,2020-05-08,78,16,62,0,,
2020-05-21,2020-05-09,6,2,4,0,,
2020-05-21,2020-05-10,3,,3,1,,
2020-05-21,2020-05-11,68,9,59,0,,
2020-05-21,2020-05-12,64,6,58,0,,
2020-05-21,2020-05-13,32,2,30,0,,
2020-05-21,2020-05-14,44,1,43,1,,
2020-05-21,2020-05-15,67,4,63,1,,
2020-05-21,2020-05-16,13,1,12,0,,
2020-05-21,2020-05-17,4,,4,0,,
2020-05-21,2020-05-18,21,,21,0,,
2020-05-21,2020-05-19,1,,1,1,,
2020-05-21,2020-05-20,,,,0,,
2020-05-21,2020-05-21,,,,0,,
2020-05-22,2020-03-09,1,1,,,,
2020-05-22,2020-03-10,,,,,,
2020-05-22,2020-03-11,,,,,,
2020-05-22,2020-03-12,,,,,,
2020-05-22,2020-03-13,3,3,,,,
2020-05-22,2020-03-14,3,3,,,,
2020-05-22,2020-03-15,,,,,,
2020-05-22,2020-03-16,9,9,,,,
2020-05-22,2020-03-17,7,7,,1,,
2020-05-22,2020-03-18,5,5,,0,,
2020-05-22,2020-03-19,5,5,,0,,
2020-05-22,2020-03-20,12,12,,0,,
2020-05-22,2020-03-21,11,11,,2,,
2020-05-22,2020-03-22,10,10,,1,,
2020-05-22,2020-03-23,33,33,,1,,
2020-05-22,2020-03-24,47,47,,1,,
2020-05-22,2020-03-25,41,41,,0,,
2020-05-22,2020-03-26,74,55,19,3,,
2020-05-22,2020-03-27,78,49,29,2,,
2020-05-22,2020-03-28,25,25,,3,,
2020-05-22,2020-03-29,12,12,,3,,
2020-05-22,2020-03-30,85,82,3,3,,
2020-05-22,2020-03-31,65,56,9,1,,
2020-05-22,2020-04-01,80,73,7,3,,
2020-05-22,2020-04-02,61,53,8,1,,
2020-05-22,2020-04-03,62,50,12,5,,
2020-05-22,2020-04-04,15,13,2,4,,
2020-05-22,2020-04-05,4,3,1,2,,
2020-05-22,2020-04-06,64,49,15,3,,
2020-05-22,2020-04-07,61,35,26,3,,
2020-05-22,2020-04-08,60,27,33,3,,
2020-05-22,2020-04-09,54,37,17,4,,
2020-05-22,2020-04-10,9,3,6,5,,
2020-05-22,2020-04-11,16,12,4,3,,
2020-05-22,2020-04-12,7,4,3,0,,
2020-05-22,2020-04-13,56,28,28,6,,
2020-05-22,2020-04-14,75,24,51,3,,
2020-05-22,2020-04-15,75,32,43,4,,
2020-05-22,2020-04-16,74,30,44,4,,
2020-05-22,2020-04-17,64,21,43,1,,
2020-05-22,2020-04-18,23,9,14,3,,
2020-05-22,2020-04-19,3,1,2,3,,
2020-05-22,2020-04-20,66,16,50,1,,
2020-05-22,2020-04-21,90,22,68,4,,
2020-05-22,2020-04-22,103,26,77,5,,
2020-05-22,2020-04-23,95,19,76,2,,
2020-05-22,2020-04-24,100,17,83,3,,
2020-05-22,2020-04-25,18,1,17,2,,
2020-05-22,2020-04-26,6,,6,5,,
2020-05-22,2020-04-27,83,10,73,0,,
2020-05-22,2020-04-28,88,14,74,2,,
2020-05-22,2020-04-29,62,16,46,0,,
2020-05-22,2020-04-30,78,18,60,1,,
2020-05-22,2020-05-01,72,4,68,2,,
2020-05-22,2020-05-02,20,4,16,4,,
2020-05-22,2020-05-03,8,1,7,2,,
2020-05-22,2020-05-04,92,6,86,3,,
2020-05-22,2020-05-05,96,14,82,2,,
2020-05-22,2020-05-06,79,11,68,1,,
2020-05-22,2020-05-07,79,14,65,2,,
2020-05-22,2020-05-08,78,17,61,0,,
2020-05-22,2020-05-09,7,3,4,0,,
2020-05-22,2020-05-10,3,,3,1,,
2020-05-22,2020-05-11,79,10,69,0,,
2020-05-22,2020-05-12,79,7,72,0,,
2020-05-22,2020-05-13,42,2,40,0,,
2020-05-22,2020-05-14,64,1,63,1,,
2020-05-22,2020-05-15,80,4,76,1,,
2020-05-22,2020-05-16,16,1,15,0,,
2020-05-22,2020-05-17,5,1,4,0,,
2020-05-22,2020-05-18,21,,21,0,,
2020-05-22,2020-05-19,2,1,1,1,,
2020-05-22,2020-05-20,,,,1,,
2020-05-22,2020-05-21,,,,0,,
2020-05-22,2020-05-22,,,,0,,
2020-05-23,2020-03-09,1,1,,,,
2020-05-23,2020-03-10,,,,,,
2020-05-23,2020-03-11,,,,,,
2020-05-23,2020-03-12,,,,,,
2020-05-23,2020-03-13,3,3,,,,
2020-05-23,2020-03-14,3,3,,,,
2020-05-23,2020-03-15,,,,,,
2020-05-23,2020-03-16,9,9,,,,
2020-05-23,2020-03-17,7,7,,1,,
2020-05-23,2020-03-18,5,5,,0,,
2020-05-23,2020-03-19,5,5,,0,,
2020-05-23,2020-03-20,12,12,,0,,
2020-05-23,2020-03-21,11,11,,2,,
2020-05-23,2020-03-22,10,10,,1,,
2020-05-23,2020-03-23,33,33,,1,,
2020-05-23,2020-03-24,47,47,,1,,
2020-05-23,2020-03-25,41,41,,0,,
2020-05-23,2020-03-26,74,55,19,3,,
2020-05-23,2020-03-27,78,49,29,2,,
2020-05-23,2020-03-28,25,25,,3,,
2020-05-23,2020-03-29,12,12,,3,,
2020-05-23,2020-03-30,85,82,3,3,,
2020-05-23,2020-03-31,65,56,9,1,,
2020-05-23,2020-04-01,80,73,7,3,,
2020-05-23,2020-04-02,61,53,8,1,,
2020-05-23,2020-04-03,62,50,12,5,,
2020-05-23,2020-04-04,15,13,2,4,,
2020-05-23,2020-04-05,4,3,1,2,,
2020-05-23,2020-04-06,64,49,15,3,,
2020-05-23,2020-04-07,61,35,26,3,,
2020-05-23,2020-04-08,60,27,33,3,,
2020-05-23,2020-04-09,54,37,17,4,,
2020-05-23,2020-04-10,9,3,6,5,,
2020-05-23,2020-04-11,16,12,4,3,,
2020-05-23,2020-04-12,7,4,3,0,,
2020-05-23,2020-04-13,56,28,28,6,,
2020-05-23,2020-04-14,75,24,51,3,,
2020-05-23,2020-04-15,75,32,43,4,,
2020-05-23,2020-04-16,74,30,44,4,,
2020-05-23,2020-04-17,64,21,43,1,,
2020-05-23,2020-04-18,23,9,14,3,,
2020-05-23,2020-04-19,3,1,2,3,,
2020-05-23,2020-04-20,66,16,50,1,,
2020-05-23,2020-04-21,90,22,68,4,,
2020-05-23,2020-04-22,103,26,77,5,,
2020-05-23,2020-04-23,95,19,76,2,,
2020-05-23,2020-04-24,100,17,83,3,,
2020-05-23,2020-04-25,18,1,17,2,,
2020-05-23,2020-04-26,6,,6,5,,
2020-05-23,2020-04-27,83,10,73,0,,
2020-05-23,2020-04-28,88,14,74,2,,
2020-05-23,2020-04-29,62,16,46,0,,
2020-05-23,2020-04-30,80,18,62,1,,
2020-05-23,2020-05-01,72,4,68,2,,
2020-05-23,2020-05-02,20,4,16,4,,
2020-05-23,2020-05-03,8,1,7,2,,
2020-05-23,2020-05-04,92,6,86,3,,
2020-05-23,2020-05-05,96,14,82,2,,
2020-05-23,2020-05-06,79,11,68,1,,
2020-05-23,2020-05-07,80,14,66,2,,
2020-05-23,2020-05-08,78,17,61,0,,
2020-05-23,2020-05-09,8,3,5,0,,
2020-05-23,2020-05-10,3,,3,1,,
2020-05-23,2020-05-11,87,10,77,0,,
2020-05-23,2020-05-12,91,7,84,0,,
2020-05-23,2020-05-13,55,2,53,0,,
2020-05-23,2020-05-14,88,1,87,1,,
2020-05-23,2020-05-15,96,4,92,1,,
2020-05-23,2020-05-16,21,1,20,0,,
2020-05-23,2020-05-17,5,1,4,0,,
2020-05-23,2020-05-18,28,,28,0,,
2020-05-23,2020-05-19,2,1,1,1,,
2020-05-23,2020-05-20,,,,1,,
2020-05-23,2020-05-21,,,,0,,
2020-05-23,2020-05-22,,,,0,,
2020-05-23,2020-05-23,,,,0,,
2020-05-24,2020-03-09,1,1,,,,
2020-05-24,2020-03-10,,,,,,
2020-05-24,2020-03-11,,,,,,
2020-05-24,2020-03-12,,,,,,
2020-05-24,2020-03-13,3,3,,,,
2020-05-24,2020-03-14,3,3,,,,
2020-05-24,2020-03-15,,,,,,
2020-05-24,2020-03-16,9,9,,,,
2020-05-24,2020-03-17,7,7,,1,,
2020-05-24,2020-03-18,5,5,,0,,
2020-05-24,2020-03-19,5,5,,0,,
2020-05-24,2020-03-20,12,12,,0,,
2020-05-24,2020-03-21,11,11,,2,,
2020-05-24,2020-03-22,10,10,,1,,
2020-05-24,2020-03-23,33,33,,1,,
2020-05-24,2020-03-24,47,47,,1,,
2020-05-24,2020-03-25,41,41,,0,,
2020-05-24,2020-03-26,75,56,19,3,,
2020-05-24,2020-03-27,78,49,29,2,,
2020-05-24,2020-03-28,25,25,,3,,
2020-05-24,2020-03-29,12,12,,3,,
2020-05-24,2020-03-30,87,84,3,3,,
2020-05-24,2020-03-31,65,56,9,1,,
2020-05-24,2020-04-01,81,74,7,3,,
2020-05-24,2020-04-02,62,54,8,1,,
2020-05-24,2020-04-03,61,50,11,5,,
2020-05-24,2020-04-04,17,15,2,4,,
2020-05-24,2020-04-05,4,3,1,2,,
2020-05-24,2020-04-06,64,49,15,3,,
2020-05-24,2020-04-07,59,34,25,3,,
2020-05-24,2020-04-08,59,26,33,3,,
2020-05-24,2020-04-09,54,37,17,4,,
2020-05-24,2020-04-10,9,3,6,5,,
2020-05-24,2020-04-11,16,12,4,3,,
2020-05-24,2020-04-12,7,4,3,0,,
2020-05-24,2020-04-13,56,28,28,6,,
2020-05-24,2020-04-14,74,24,50,3,,
2020-05-24,2020-04-15,73,30,43,4,,
2020-05-24,2020-04-16,73,30,43,4,,
2020-05-24,2020-04-17,65,22,43,1,,
2020-05-24,2020-04-18,23,9,14,3,,
2020-05-24,2020-04-19,3,1,2,3,,
2020-05-24,2020-04-20,66,16,50,1,,
2020-05-24,2020-04-21,91,22,69,4,,
2020-05-24,2020-04-22,102,25,77,5,,
2020-05-24,2020-04-23,92,17,75,2,,
2020-05-24,2020-04-24,101,17,84,3,,
2020-05-24,2020-04-25,18,1,17,2,,
2020-05-24,2020-04-26,5,,5,5,,
2020-05-24,2020-04-27,82,10,72,0,,
2020-05-24,2020-04-28,87,14,73,2,,
2020-05-24,2020-04-29,64,18,46,0,,
2020-05-24,2020-04-30,80,17,63,1,,
2020-05-24,2020-05-01,73,5,68,2,,
2020-05-24,2020-05-02,21,5,16,4,,
2020-05-24,2020-05-03,8,1,7,2,,
2020-05-24,2020-05-04,91,5,86,3,,
2020-05-24,2020-05-05,97,15,82,2,,
2020-05-24,2020-05-06,79,12,67,1,,
2020-05-24,2020-05-07,80,14,66,2,,
2020-05-24,2020-05-08,82,17,65,0,,
2020-05-24,2020-05-09,7,2,5,0,,
2020-05-24,2020-05-10,3,,3,2,,
2020-05-24,2020-05-11,89,11,78,0,,
2020-05-24,2020-05-12,93,7,86,0,,
2020-05-24,2020-05-13,68,6,62,0,,
2020-05-24,2020-05-14,96,2,94,1,,
2020-05-24,2020-05-15,104,3,101,1,,
2020-05-24,2020-05-16,24,1,23,1,,
2020-05-24,2020-05-17,6,1,5,0,,
2020-05-24,2020-05-18,48,,48,0,,
2020-05-24,2020-05-19,13,2,11,1,,
2020-05-24,2020-05-20,1,,1,1,,
2020-05-24,2020-05-21,,,,0,,
2020-05-24,2020-05-22,,,,0,,
2020-05-24,2020-05-23,,,,0,,
2020-05-24,2020-05-24,,,,0,,
2020-05-25,2020-03-09,1,1,,,,
2020-05-25,2020-03-10,,,,,,
2020-05-25,2020-03-11,,,,,,
2020-05-25,2020-03-12,,,,,,
2020-05-25,2020-03-13,3,3,,,,
2020-05-25,2020-03-14,3,3,,,,
2020-05-25,2020-03-15,,,,,,
2020-05-25,2020-03-16,9,9,,,,
2020-05-25,2020-03-17,7,7,,1,,
2020-05-25,2020-03-18,5,5,,0,,
2020-05-25,2020-03-19,5,5,,0,,
2020-05-25,2020-03-20,12,12,,0,,
2020-05-25,2020-03-21,11,11,,2,,
2020-05-25,2020-03-22,10,10,,1,,
2020-05-25,2020-03-23,33,33,,1,,
2020-05-25,2020-03-24,47,47,,1,,
2020-05-25,2020-03-25,41,41,,0,,
2020-05-25,2020-03-26,75,56,19,3,,
2020-05-25,2020-03-27,78,49,29,2,,
2020-05-25,2020-03-28,25,25,,3,,
2020-05-25,2020-03-29,12,12,,3,,
2020-05-25,2020-03-30,87,84,3,3,,
2020-05-25,2020-03-31,65,56,9,1,,
2020-05-25,2020-04-01,81,74,7,3,,
2020-05-25,2020-04-02,62,54,8,1,,
2020-05-25,2020-04-03,61,50,11,5,,
2020-05-25,2020-04-04,17,15,2,4,,
2020-05-25,2020-04-05,4,3,1,2,,
2020-05-25,2020-04-06,64,49,15,3,,
2020-05-25,2020-04-07,59,34,25,3,,
2020-05-25,2020-04-08,59,26,33,3,,
2020-05-25,2020-04-09,54,37,17,4,,
2020-05-25,2020-04-10,9,3,6,5,,
2020-05-25,2020-04-11,16,12,4,3,,
2020-05-25,2020-04-12,7,4,3,0,,
2020-05-25,2020-04-13,56,28,28,6,,
2020-05-25,2020-04-14,74,24,50,3,,
2020-05-25,2020-04-15,73,30,43,4,,
2020-05-25,2020-04-16,73,30,43,4,,
2020-05-25,2020-04-17,65,22,43,1,,
2020-05-25,2020-04-18,23,9,14,3,,
2020-05-25,2020-04-19,3,1,2,3,,
2020-05-25,2020-04-20,67,16,51,1,,
2020-05-25,2020-04-21,91,22,69,4,,
2020-05-25,2020-04-22,102,25,77,5,,
2020-05-25,2020-04-23,92,17,75,2,,
2020-05-25,2020-04-24,101,17,84,3,,
2020-05-25,2020-04-25,18,1,17,2,,
2020-05-25,2020-04-26,5,,5,5,,
2020-05-25,2020-04-27,82,10,72,0,,
2020-05-25,2020-04-28,87,14,73,2,,
2020-05-25,2020-04-29,64,18,46,0,,
2020-05-25,2020-04-30,80,17,63,1,,
2020-05-25,2020-05-01,75,5,70,2,,
2020-05-25,2020-05-02,21,5,16,4,,
2020-05-25,2020-05-03,8,1,7,2,,
2020-05-25,2020-05-04,91,5,86,3,,
2020-05-25,2020-05-05,97,15,82,2,,
2020-05-25,2020-05-06,79,12,67,1,,
2020-05-25,2020-05-07,80,14,66,2,,
2020-05-25,2020-05-08,82,17,65,0,,
2020-05-25,2020-05-09,7,2,5,0,,
2020-05-25,2020-05-10,3,,3,2,,
2020-05-25,2020-05-11,90,11,79,0,,
2020-05-25,2020-05-12,94,7,87,0,,
2020-05-25,2020-05-13,71,6,65,0,,
2020-05-25,2020-05-14,97,3,94,1,,
2020-05-25,2020-05-15,106,3,103,1,,
2020-05-25,2020-05-16,24,1,23,1,,
2020-05-25,2020-05-17,6,1,5,0,,
2020-05-25,2020-05-18,56,,56,0,,
2020-05-25,2020-05-19,43,2,41,1,,
2020-05-25,2020-05-20,16,,16,1,,
2020-05-25,2020-05-21,,,,0,,
2020-05-25,2020-05-22,,,,0,,
2020-05-25,2020-05-23,,,,0,,
2020-05-25,2020-05-24,,,,0,,
2020-05-25,2020-05-25,,,,0,,
2020-05-26,2020-03-09,1,1,,,,
2020-05-26,2020-03-10,,,,,,
2020-05-26,2020-03-11,,,,,,
2020-05-26,2020-03-12,,,,,,
2020-05-26,2020-03-13,3,3,,,,
2020-05-26,2020-03-14,3,3,,,,
2020-05-26,2020-03-15,,,,,,
2020-05-26,2020-03-16,9,9,,,,
2020-05-26,2020-03-17,7,7,,1,,
2020-05-26,2020-03-18,5,5,,0,,
2020-05-26,2020-03-19,5,5,,0,,
2020-05-26,2020-03-20,12,12,,0,,
2020-05-26,2020-03-21,11,11,,2,,
2020-05-26,2020-03-22,10,10,,1,,
2020-05-26,2020-03-23,33,33,,1,,
2020-05-26,2020-03-24,47,47,,1,,
2020-05-26,2020-03-25,41,41,,0,,
2020-05-26,2020-03-26,77,58,19,3,,
2020-05-26,2020-03-27,78,49,29,2,,
2020-05-26,2020-03-28,25,25,,3,,
2020-05-26,2020-03-29,12,12,,3,,
2020-05-26,2020-03-30,87,84,3,3,,
2020-05-26,2020-03-31,65,56,9,1,,
2020-05-26,2020-04-01,81,74,7,3,,
2020-05-26,2020-04-02,63,55,8,1,,
2020-05-26,2020-04-03,63,52,11,5,,
2020-05-26,2020-04-04,17,15,2,4,,
2020-05-26,2020-04-05,4,3,1,2,,
2020-05-26,2020-04-06,64,49,15,3,,
2020-05-26,2020-04-07,59,34,25,3,,
2020-05-26,2020-04-08,59,26,33,3,,
2020-05-26,2020-04-09,54,37,17,4,,
2020-05-26,2020-04-10,9,3,6,5,,
2020-05-26,2020-04-11,16,12,4,3,,
2020-05-26,2020-04-12,7,4,3,0,,
2020-05-26,2020-04-13,56,28,28,6,,
2020-05-26,2020-04-14,75,25,50,3,,
2020-05-26,2020-04-15,73,30,43,4,,
2020-05-26,2020-04-16,73,30,43,4,,
2020-05-26,2020-04-17,65,22,43,1,,
2020-05-26,2020-04-18,23,9,14,3,,
2020-05-26,2020-04-19,3,1,2,3,,
2020-05-26,2020-04-20,67,16,51,1,,
2020-05-26,2020-04-21,91,22,69,4,,
2020-05-26,2020-04-22,102,25,77,5,,
2020-05-26,2020-04-23,92,17,75,2,,
2020-05-26,2020-04-24,101,17,84,3,,
2020-05-26,2020-04-25,18,1,17,2,,
2020-05-26,2020-04-26,5,,5,5,,
2020-05-26,2020-04-27,82,10,72,0,,
2020-05-26,2020-04-28,87,14,73,2,,
2020-05-26,2020-04-29,64,18,46,0,,
2020-05-26,2020-04-30,81,18,63,1,,
2020-05-26,2020-05-01,78,8,70,2,,
2020-05-26,2020-05-02,21,5,16,4,,
2020-05-26,2020-05-03,9,1,8,2,,
2020-05-26,2020-05-04,91,5,86,3,,
2020-05-26,2020-05-05,97,15,82,2,,
2020-05-26,2020-05-06,80,13,67,1,,
2020-05-26,2020-05-07,80,14,66,2,,
2020-05-26,2020-05-08,85,19,66,0,,
2020-05-26,2020-05-09,7,2,5,0,,
2020-05-26,2020-05-10,3,,3,2,,
2020-05-26,2020-05-11,94,11,83,0,,
2020-05-26,2020-05-12,95,7,88,0,,
2020-05-26,2020-05-13,75,6,69,0,,
2020-05-26,2020-05-14,101,4,97,1,,
2020-05-26,2020-05-15,113,3,110,1,,
2020-05-26,2020-05-16,25,1,24,1,,
2020-05-26,2020-05-17,6,1,5,0,,
2020-05-26,2020-05-18,62,1,61,0,,
2020-05-26,2020-05-19,50,2,48,1,,
2020-05-26,2020-05-20,39,3,36,1,,
2020-05-26,2020-05-21,1,1,,0,,
2020-05-26,2020-05-22,,,,0,,
2020-05-26,2020-05-23,,,,0,,
2020-05-26,2020-05-24,,,,0,,
2020-05-26,2020-05-25,,,,0,,
2020-05-26,2020-05-26,,,,0,,
2020-05-27,2020-03-09,1,1,,,,
2020-05-27,2020-03-10,,,,,,
2020-05-27,2020-03-11,,,,,,
2020-05-27,2020-03-12,,,,,,
2020-05-27,2020-03-13,3,3,,,,
2020-05-27,2020-03-14,3,3,,,,
2020-05-27,2020-03-15,,,,,,
2020-05-27,2020-03-16,9,9,,,,
2020-05-27,2020-03-17,7,7,,1,,
2020-05-27,2020-03-18,5,5,,0,,
2020-05-27,2020-03-19,5,5,,0,,
2020-05-27,2020-03-20,12,12,,0,,
2020-05-27,2020-03-21,11,11,,2,,
2020-05-27,2020-03-22,10,10,,1,,
2020-05-27,2020-03-23,33,33,,1,,
2020-05-27,2020-03-24,47,47,,1,,
2020-05-27,2020-03-25,41,41,,0,,
2020-05-27,2020-03-26,77,58,19,3,,
2020-05-27,2020-03-27,78,49,29,2,,
2020-05-27,2020-03-28,25,25,,3,,
2020-05-27,2020-03-29,12,12,,3,,
2020-05-27,2020-03-30,87,84,3,3,,
2020-05-27,2020-03-31,65,56,9,1,,
2020-05-27,2020-04-01,81,74,7,3,,
2020-05-27,2020-04-02,63,55,8,1,,
2020-05-27,2020-04-03,63,52,11,5,,
2020-05-27,2020-04-04,17,15,2,4,,
2020-05-27,2020-04-05,4,3,1,2,,
2020-05-27,2020-04-06,64,49,15,3,,
2020-05-27,2020-04-07,60,35,25,3,,
2020-05-27,2020-04-08,59,26,33,3,,
2020-05-27,2020-04-09,54,37,17,4,,
2020-05-27,2020-04-10,9,3,6,5,,
2020-05-27,2020-04-11,16,12,4,3,,
2020-05-27,2020-04-12,7,4,3,0,,
2020-05-27,2020-04-13,56,28,28,6,,
2020-05-27,2020-04-14,75,25,50,3,,
2020-05-27,2020-04-15,73,30,43,4,,
2020-05-27,2020-04-16,72,29,43,4,,
2020-05-27,2020-04-17,65,22,43,1,,
2020-05-27,2020-04-18,23,9,14,3,,
2020-05-27,2020-04-19,3,1,2,3,,
2020-05-27,2020-04-20,67,16,51,1,,
2020-05-27,2020-04-21,90,21,69,4,,
2020-05-27,2020-04-22,102,25,77,5,,
2020-05-27,2020-04-23,92,17,75,2,,
2020-05-27,2020-04-24,101,17,84,3,,
2020-05-27,2020-04-25,18,1,17,2,,
2020-05-27,2020-04-26,5,,5,5,,
2020-05-27,2020-04-27,82,10,72,0,,
2020-05-27,2020-04-28,87,14,73,2,,
2020-05-27,2020-04-29,64,18,46,0,,
2020-05-27,2020-04-30,81,19,62,1,,
2020-05-27,2020-05-01,80,8,72,2,,
2020-05-27,2020-05-02,21,5,16,4,,
2020-05-27,2020-05-03,8,1,7,2,,
2020-05-27,2020-05-04,93,6,87,3,,
2020-05-27,2020-05-05,100,17,83,2,,
2020-05-27,2020-05-06,80,14,66,1,,
2020-05-27,2020-05-07,80,14,66,2,,
2020-05-27,2020-05-08,88,21,67,0,,
2020-05-27,2020-05-09,8,3,5,0,,
2020-05-27,2020-05-10,3,,3,2,,
2020-05-27,2020-05-11,94,11,83,0,,
2020-05-27,2020-05-12,98,10,88,0,,
2020-05-27,2020-05-13,77,8,69,0,,
2020-05-27,2020-05-14,111,6,105,1,,
2020-05-27,2020-05-15,124,6,118,1,,
2020-05-27,2020-05-16,26,1,25,1,,
2020-05-27,2020-05-17,6,1,5,0,,
2020-05-27,2020-05-18,63,3,60,0,,
2020-05-27,2020-05-19,50,2,48,2,,
2020-05-27,2020-05-20,48,3,45,1,,
2020-05-27,2020-05-21,19,1,18,0,,
2020-05-27,2020-05-22,18,,18,1,,
2020-05-27,2020-05-23,5,,5,0,,
2020-05-27,2020-05-24,1,1,,0,,
2020-05-27,2020-05-25,1,,1,0,,
2020-05-27,2020-05-26,,,,0,,
2020-05-27,2020-05-27,,,,0,,
2020-05-28,2020-03-09,1,1,,,,
2020-05-28,2020-03-10,,,,,,
2020-05-28,2020-03-11,,,,,,
2020-05-28,2020-03-12,,,,,,
2020-05-28,2020-03-13,3,3,,,,
2020-05-28,2020-03-14,3,3,,,,
2020-05-28,2020-03-15,,,,,,
2020-05-28,2020-03-16,9,9,,,,
2020-05-28,2020-03-17,7,7,,1,,
2020-05-28,2020-03-18,5,5,,0,,
2020-05-28,2020-03-19,5,5,,0,,
2020-05-28,2020-03-20,12,12,,0,,
2020-05-28,2020-03-21,11,11,,2,,
2020-05-28,2020-03-22,10,10,,1,,
2020-05-28,2020-03-23,33,33,,1,,
2020-05-28,2020-03-24,47,47,,1,,
2020-05-28,2020-03-25,41,41,,0,,
2020-05-28,2020-03-26,77,58,19,3,,
2020-05-28,2020-03-27,78,49,29,2,,
2020-05-28,2020-03-28,25,25,,3,,
2020-05-28,2020-03-29,12,12,,3,,
2020-05-28,2020-03-30,87,84,3,3,,
2020-05-28,2020-03-31,65,56,9,1,,
2020-05-28,2020-04-01,81,74,7,3,,
2020-05-28,2020-04-02,63,55,8,1,,
2020-05-28,2020-04-03,63,52,11,5,,
2020-05-28,2020-04-04,17,15,2,4,,
2020-05-28,2020-04-05,4,3,1,2,,
2020-05-28,2020-04-06,64,49,15,3,,
2020-05-28,2020-04-07,60,35,25,3,,
2020-05-28,2020-04-08,59,26,33,3,,
2020-05-28,2020-04-09,54,37,17,4,,
2020-05-28,2020-04-10,9,3,6,5,,
2020-05-28,2020-04-11,16,12,4,3,,
2020-05-28,2020-04-12,7,4,3,0,,
2020-05-28,2020-04-13,56,28,28,6,,
2020-05-28,2020-04-14,75,25,50,3,,
2020-05-28,2020-04-15,73,30,43,4,,
2020-05-28,2020-04-16,73,30,43,4,,
2020-05-28,2020-04-17,65,22,43,1,,
2020-05-28,2020-04-18,23,9,14,3,,
2020-05-28,2020-04-19,3,1,2,3,,
2020-05-28,2020-04-20,67,16,51,1,,
2020-05-28,2020-04-21,90,21,69,4,,
2020-05-28,2020-04-22,102,25,77,5,,
2020-05-28,2020-04-23,92,17,75,2,,
2020-05-28,2020-04-24,100,17,83,3,,
2020-05-28,2020-04-25,19,1,18,2,,
2020-05-28,2020-04-26,5,,5,5,,
2020-05-28,2020-04-27,80,10,70,0,,
2020-05-28,2020-04-28,87,14,73,2,,
2020-05-28,2020-04-29,64,18,46,0,,
2020-05-28,2020-04-30,81,20,61,1,,
2020-05-28,2020-05-01,80,8,72,2,,
2020-05-28,2020-05-02,22,6,16,4,,
2020-05-28,2020-05-03,8,1,7,2,,
2020-05-28,2020-05-04,93,6,87,3,,
2020-05-28,2020-05-05,103,18,85,2,,
2020-05-28,2020-05-06,80,16,64,1,,
2020-05-28,2020-05-07,85,15,70,2,,
2020-05-28,2020-05-08,88,21,67,0,,
2020-05-28,2020-05-09,8,3,5,0,,
2020-05-28,2020-05-10,3,,3,2,,
2020-05-28,2020-05-11,93,10,83,0,,
2020-05-28,2020-05-12,99,10,89,0,,
2020-05-28,2020-05-13,79,8,71,0,,
2020-05-28,2020-05-14,113,6,107,1,,
2020-05-28,2020-05-15,128,6,122,1,,
2020-05-28,2020-05-16,30,1,29,1,,
2020-05-28,2020-05-17,6,1,5,0,,
2020-05-28,2020-05-18,73,4,69,0,,
2020-05-28,2020-05-19,64,4,60,2,,
2020-05-28,2020-05-20,68,6,62,1,,
2020-05-28,2020-05-21,57,1,56,0,,
2020-05-28,2020-05-22,54,,54,1,,
2020-05-28,2020-05-23,17,,17,0,,
2020-05-28,2020-05-24,2,1,1,0,,
2020-05-28,2020-05-25,11,1,10,0,,
2020-05-28,2020-05-26,,,,0,,
2020-05-28,2020-05-27,,,,0,,
2020-05-28,2020-05-28,,,,1,,
2020-05-29,2020-03-09,1,1,,,,
2020-05-29,2020-03-10,,,,,,
2020-05-29,2020-03-11,,,,,,
2020-05-29,2020-03-12,,,,,,
2020-05-29,2020-03-13,3,3,,,,
2020-05-29,2020-03-14,3,3,,,,
2020-05-29,2020-03-15,,,,,,
2020-05-29,2020-03-16,9,9,,,,
2020-05-29,2020-03-17,7,7,,,1,
2020-05-29,2020-03-18,5,5,,,0,
2020-05-29,2020-03-19,5,5,,,0,
2020-05-29,2020-03-20,12,12,,,0,
2020-05-29,2020-03-21,11,11,,,2,
2020-05-29,2020-03-22,10,10,,,1,
2020-05-29,2020-03-23,33,33,,,1,
2020-05-29,2020-03-24,47,47,,,1,
2020-05-29,2020-03-25,41,41,,,0,
2020-05-29,2020-03-26,76,57,19,,3,
2020-05-29,2020-03-27,78,49,29,,2,
2020-05-29,2020-03-28,26,26,,,3,
2020-05-29,2020-03-29,12,12,,,3,
2020-05-29,2020-03-30,87,84,3,,3,
2020-05-29,2020-03-31,65,56,9,,1,
2020-05-29,2020-04-01,84,76,8,,3,
2020-05-29,2020-04-02,63,54,9,,1,
2020-05-29,2020-04-03,63,52,11,,5,
2020-05-29,2020-04-04,17,15,2,,4,
2020-05-29,2020-04-05,4,3,1,,2,
2020-05-29,2020-04-06,64,49,15,,3,
2020-05-29,2020-04-07,60,35,25,,3,
2020-05-29,2020-04-08,59,26,33,,3,
2020-05-29,2020-04-09,54,37,17,,4,
2020-05-29,2020-04-10,9,3,6,,5,
2020-05-29,2020-04-11,16,12,4,,3,
2020-05-29,2020-04-12,7,4,3,,0,
2020-05-29,2020-04-13,56,28,28,,6,
2020-05-29,2020-04-14,75,25,50,,3,
2020-05-29,2020-04-15,73,30,43,,4,
2020-05-29,2020-04-16,74,30,44,,4,
2020-05-29,2020-04-17,65,22,43,,1,
2020-05-29,2020-04-18,23,9,14,,3,
2020-05-29,2020-04-19,3,1,2,,3,
2020-05-29,2020-04-20,67,16,51,,1,
2020-05-29,2020-04-21,89,20,69,,4,
2020-05-29,2020-04-22,102,25,77,,5,
2020-05-29,2020-04-23,91,17,74,,2,
2020-05-29,2020-04-24,100,17,83,,3,
2020-05-29,2020-04-25,19,1,18,,2,
2020-05-29,2020-04-26,5,,5,,5,
2020-05-29,2020-04-27,80,10,70,,0,
2020-05-29,2020-04-28,87,14,73,,2,
2020-05-29,2020-04-29,64,18,46,,0,
2020-05-29,2020-04-30,81,20,61,,1,
2020-05-29,2020-05-01,79,7,72,,2,
2020-05-29,2020-05-02,22,6,16,,4,
2020-05-29,2020-05-03,8,1,7,,2,
2020-05-29,2020-05-04,92,5,87,,3,
2020-05-29,2020-05-05,103,18,85,,2,
2020-05-29,2020-05-06,83,18,65,,1,
2020-05-29,2020-05-07,85,15,70,,2,
2020-05-29,2020-05-08,90,21,69,,0,
2020-05-29,2020-05-09,9,3,6,,0,
2020-05-29,2020-05-10,3,,3,,2,
2020-05-29,2020-05-11,93,10,83,,0,
2020-05-29,2020-05-12,99,10,89,,0,
2020-05-29,2020-05-13,79,8,71,,0,
2020-05-29,2020-05-14,116,6,110,,1,
2020-05-29,2020-05-15,132,9,123,,1,
2020-05-29,2020-05-16,30,1,29,,1,
2020-05-29,2020-05-17,6,1,5,,0,
2020-05-29,2020-05-18,78,5,73,,0,
2020-05-29,2020-05-19,67,4,63,,2,
2020-05-29,2020-05-20,74,6,68,,1,
2020-05-29,2020-05-21,58,1,57,,0,
2020-05-29,2020-05-22,61,,61,,1,
2020-05-29,2020-05-23,25,,25,,0,
2020-05-29,2020-05-24,4,1,3,,0,
2020-05-29,2020-05-25,18,1,17,,0,
2020-05-29,2020-05-26,19,3,16,,0,
2020-05-29,2020-05-27,,,,,1,
2020-05-29,2020-05-28,,,,,1,
2020-05-29,2020-05-29,,,,,0,