state,date,critical_staffing_shortage_today_yes,critical_staffing_shortage_today_no,critical_staffing_shortage_today_not_reported,critical_staffing_shortage_anticipated_within_week_yes,critical_staffing_shortage_anticipated_within_week_no,critical_staffing_shortage_anticipated_within_week_not_reported,hospital_onset_covid,hospital_onset_covid_coverage,inpatient_beds,inpatient_beds_coverage,inpatient_beds_used,inpatient_beds_used_coverage,inpatient_beds_used_covid,inpatient_beds_used_covid_coverage,previous_day_admission_adult_covid_confirmed,previous_day_admission_adult_covid_confirmed_coverage,previous_day_admission_adult_covid_suspected,previous_day_admission_adult_covid_suspected_coverage,previous_day_admission_pediatric_covid_confirmed,previous_day_admission_pediatric_covid_confirmed_coverage,previous_day_admission_pediatric_covid_suspected,previous_day_admission_pediatric_covid_suspected_coverage,staffed_adult_icu_bed_occupancy,staffed_adult_icu_bed_occupancy_coverage,staffed_icu_adult_patients_confirmed_and_suspected_covid,staffed_icu_adult_patients_confirmed_and_suspected_covid_coverage,staffed_icu_adult_patients_confirmed_covid,staffed_icu_adult_patients_confirmed_covid_coverage,total_adult_patients_hospitalized_confirmed_and_suspected_covid,total_adult_patients_hospitalized_confirmed_and_suspected_covid_coverage,total_adult_patients_hospitalized_confirmed_covid,total_adult_patients_hospitalized_confirmed_covid_coverage,total_pediatric_patients_hospitalized_confirmed_and_suspected_covid,total_pediatric_patients_hospitalized_confirmed_and_suspected_covid_coverage,total_pediatric_patients_hospitalized_confirmed_covid,total_pediatric_patients_hospitalized_confirmed_covid_coverage,total_staffed_adult_icu_beds,total_staffed_adult_icu_beds_coverage,inpatient_beds_utilization,inpatient_beds_utilization_coverage,inpatient_beds_utilization_numerator,inpatient_beds_utilization_denominator,percent_of_inpatients_with_covid,percent_of_inpatients_with_covid_coverage,percent_of_inpatients_with_covid_numerator,percent_of_inpatients_with_covid_denominator,inpatient_bed_covid_utilization,inpatient_bed_covid_utilization_coverage,inpatient_bed_covid_utilization_numerator,inpatient_bed_covid_utilization_denominator,adult_icu_bed_covid_utilization,adult_icu_bed_covid_utilization_coverage,adult_icu_bed_covid_utilization_numerator,adult_icu_bed_covid_utilization_denominator,adult_icu_bed_utilization,adult_icu_bed_utilization_coverage,adult_icu_bed_utilization_numerator,adult_icu_bed_utilization_denominator
PR,2021-01-18,1,13,55,1,13,55,3,68,9204,69,5036,69,396,68,22,69,51,68,1,68,6,68,450,69,57,68,53,69,352,68,294,69,44,68,7,68,696,69,0.5471534115601913,69,5036,9204,0.08075040783034258,68,396,4904,0.04390730679676239,68,396,9019,0.08571428571428572,68,57,665,0.646551724137931,69,450,696
PR,2021-01-17,1,0,68,1,0,68,4,68,9118,69,5008,69,386,68,14,69,42,68,1,68,4,68,442,69,53,68,54,69,344,68,289,69,42,68,7,68,684,69,0.5492432550998025,69,5008,9118,0.07916324856439705,68,386,4876,0.04321056755849099,68,386,8933,0.08116385911179173,68,53,653,0.6461988304093568,69,442,684
PR,2021-01-16,1,0,68,1,0,68,4,68,9467,69,5310,69,401,68,24,69,35,68,2,68,6,68,452,69,53,68,50,69,367,68,297,69,34,68,10,68,686,69,0.560895743107637,69,5310,9467,0.07735339506172839,68,401,5184,0.04320189614307261,68,401,9282,0.08091603053435115,68,53,655,0.6588921282798834,69,452,686
PR,2021-01-15,1,0,68,1,0,68,4,68,9416,69,5234,69,397,68,18,69,35,68,3,68,7,68,429,69,50,68,50,69,366,68,298,69,31,68,15,68,683,69,0.5558623619371283,69,5234,9416,0.07784313725490197,68,397,5100,0.043007258151879536,68,397,9231,0.07668711656441718,68,50,652,0.6281112737920937,69,429,683
PR,2021-01-14,1,0,68,1,0,68,4,68,9475,69,5333,69,420,68,22,69,47,68,1,68,11,68,415,69,51,68,54,69,377,68,308,69,43,68,15,68,675,69,0.5628496042216359,69,5333,9475,0.08083140877598152,68,420,5196,0.04520990312163617,68,420,9290,0.07919254658385093,68,51,644,0.6148148148148148,69,415,675
PR,2021-01-13,9,59,1,10,58,1,4,68,9464,69,5095,69,406,68,21,69,35,68,0,68,13,68,430,69,60,68,60,69,367,68,315,69,39,68,12,68,687,69,0.5383558748943365,69,5095,9464,0.08182184602982669,68,406,4962,0.043754714947731435,68,406,9279,0.09146341463414634,68,60,656,0.6259097525473072,69,430,687
PR,2021-01-12,0,1,68,0,1,68,3,68,9414,69,4894,69,405,68,29,69,43,68,0,68,8,68,438,69,76,68,70,69,379,68,302,69,26,68,7,68,674,69,0.5198640322923306,69,4894,9414,0.08506616257088846,68,405,4761,0.04388341098710586,68,405,9229,0.1181959564541213,68,76,643,0.6498516320474778,69,438,674
PR,2021-01-11,1,0,68,1,0,68,4,68,9339,69,4802,69,408,68,22,69,44,68,0,68,12,68,414,69,69,68,63,69,382,68,302,69,26,68,6,68,664,69,0.5141878145411715,69,4802,9339,0.08727272727272728,68,408,4675,0.044570679484378414,68,408,9154,0.10900473933649289,68,69,633,0.6234939759036144,69,414,664
PR,2021-01-10,0,1,68,0,1,68,3,68,9290,69,4779,69,417,68,14,69,35,68,0,68,6,68,411,69,65,68,59,69,387,68,300,69,30,68,10,68,661,69,0.5144241119483315,69,4779,9290,0.08950418544752092,68,417,4659,0.04579398198989677,68,417,9106,0.10317460317460317,68,65,630,0.6217851739788199,69,411,661
PR,2021-01-09,1,0,68,1,0,68,5,68,9361,69,4714,69,434,68,33,69,42,68,0,68,7,68,419,69,75,68,65,69,393,68,303,69,41,68,9,68,660,69,0.5035786774917209,69,4714,9361,0.0943683409436834,68,434,4599,0.04729214340198322,68,434,9177,0.1192368839427663,68,75,629,0.6348484848484849,69,419,660
PR,2021-01-08,0,1,68,0,1,68,3,68,9321,69,4604,69,437,68,36,69,41,68,2,68,6,68,402,69,76,68,65,69,400,68,300,69,37,68,7,68,648,69,0.4939384186246111,69,4604,9321,0.09745762711864407,68,437,4484,0.04782751450147751,68,437,9137,0.12317666126418152,68,76,617,0.6203703703703703,69,402,648
PR,2021-01-07,0,1,68,0,1,68,3,68,9293,69,4694,69,430,68,12,69,37,68,4,68,11,68,421,69,69,68,57,69,398,68,310,69,32,68,5,68,662,69,0.505111374152588,69,4694,9293,0.09423624808240193,68,430,4563,0.04721642692434391,68,430,9107,0.10935023771790808,68,69,631,0.6359516616314199,69,421,662
PR,2021-01-06,9,54,6,10,53,6,4,68,9301,69,4645,69,439,68,33,69,46,68,0,68,6,68,423,69,64,68,65,69,412,68,343,69,27,68,4,68,667,69,0.4994086657348672,69,4645,9301,0.09755555555555556,68,439,4500,0.04816236972024136,68,439,9115,0.10062893081761007,68,64,636,0.6341829085457271,69,423,667
PR,2021-01-05,0,1,68,0,1,68,4,68,9360,69,4493,69,440,68,31,69,53,68,0,68,4,68,429,69,69,68,62,69,415,68,322,69,25,68,4,68,659,69,0.48002136752136754,69,4493,9360,0.1008711600183402,68,440,4362,0.0479668592608743,68,440,9173,0.10987261146496816,68,69,628,0.6509863429438544,69,429,659
PR,2021-01-04,0,1,68,0,1,68,6,68,9137,69,4268,69,433,68,11,69,35,68,0,68,11,68,404,69,77,68,67,69,401,68,320,69,32,68,0,68,657,69,0.4671117434606545,69,4268,9137,0.10461464121768543,68,433,4139,0.048379888268156424,68,433,8950,0.12300319488817892,68,77,626,0.6149162861491628,69,404,657
PR,2021-01-03,0,1,68,0,1,68,6,68,8910,69,3959,69,431,68,15,69,39,68,0,68,13,68,392,69,74,68,66,69,397,68,327,69,34,68,1,68,643,69,0.44433221099887765,69,3959,8910,0.1125914315569488,68,431,3828,0.049409606786655964,68,431,8723,0.12091503267973856,68,74,612,0.609642301710731,69,392,643
PR,2021-01-02,0,1,68,0,1,68,4,68,9215,69,4245,69,401,68,16,69,28,68,1,68,7,68,403,69,73,68,68,69,392,68,335,69,9,68,1,68,663,69,0.46066196418882255,69,4245,9215,0.09742468415937804,68,401,4116,0.04441736818785999,68,401,9028,0.11550632911392406,68,73,632,0.6078431372549019,69,403,663
PR,2021-01-01,0,1,68,0,1,68,5,68,9339,69,4523,69,440,68,32,69,39,68,1,68,5,68,407,69,76,68,70,69,429,68,338,69,11,68,2,68,665,69,0.4843130956205161,69,4523,9339,0.1,68,440,4400,0.04807692307692308,68,440,9152,0.11987381703470032,68,76,634,0.6120300751879699,69,407,665
PR,2020-12-31,0,1,68,0,1,68,8,68,9376,69,4699,69,446,68,33,69,48,68,3,68,6,68,410,69,78,68,70,69,420,68,338,69,26,68,3,68,676,69,0.5011732081911263,69,4699,9376,0.09757164734193831,68,446,4571,0.048536293394275766,68,446,9189,0.12093023255813953,68,78,645,0.606508875739645,69,410,676
PR,2020-12-30,9,54,6,10,53,6,7,68,9374,69,4732,69,467,68,45,69,26,68,1,68,12,68,403,69,80,68,71,69,430,68,349,69,37,68,3,68,667,69,0.5048005120546192,69,4732,9374,0.10172075800479198,68,467,4591,0.050832698378143026,68,467,9187,0.12578616352201258,68,80,636,0.6041979010494752,69,403,667
PR,2020-12-29,0,1,68,0,1,68,8,68,9229,69,4461,69,479,68,34,69,55,68,1,68,10,68,411,69,77,68,78,69,450,68,347,69,29,68,5,68,682,69,0.48336764546538086,69,4461,9229,0.11100811123986096,68,479,4315,0.052975005529750055,68,479,9042,0.11827956989247312,68,77,651,0.6026392961876833,69,411,682
PR,2020-12-28,1,0,68,1,0,68,8,68,9050,69,4341,69,456,68,25,69,44,66,0,68,11,66,391,69,80,68,78,69,430,68,336,69,26,68,5,68,661,69,0.4796685082872928,69,4341,9050,0.10875268304316718,68,456,4193,0.051449847681371993,68,456,8863,0.12698412698412698,68,80,630,0.5915279878971256,69,391,661
PR,2020-12-27,1,0,68,1,0,68,9,68,9098,69,4176,69,453,68,14,69,25,68,2,68,6,68,418,69,88,68,83,69,439,68,354,69,14,68,6,68,671,69,0.4590019784568037,69,4176,9098,0.11235119047619048,68,453,4032,0.050836045337223655,68,453,8911,0.1375,68,88,640,0.6229508196721312,69,418,671
PR,2020-12-26,1,0,68,1,0,68,12,68,9178,69,4294,69,458,68,21,69,32,68,0,68,3,68,413,69,82,68,81,69,443,68,386,69,15,68,3,68,672,69,0.4678579211157115,69,4294,9178,0.1099639855942377,68,458,4165,0.050939828717606495,68,458,8991,0.12792511700468018,68,82,641,0.6145833333333334,69,413,672
PR,2020-12-25,1,0,68,1,0,68,11,68,9416,69,4749,69,485,68,21,69,37,68,1,68,5,68,432,69,87,68,79,69,466,68,407,69,19,68,5,68,677,69,0.5043542905692439,69,4749,9416,0.10470639032815199,68,485,4632,0.052551739083324306,68,485,9229,0.1346749226006192,68,87,646,0.638109305760709,69,432,677
PR,2020-12-24,1,0,68,1,0,68,14,68,9555,69,5013,69,541,68,34,69,38,68,1,68,6,68,441,69,90,68,80,69,516,68,439,69,25,68,6,68,670,69,0.524646781789639,69,5013,9555,0.1106565759869094,68,541,4889,0.05774978650725875,68,541,9368,0.14084507042253522,68,90,639,0.6582089552238806,69,441,670
PR,2020-12-23,10,53,6,11,52,6,12,68,9497,69,5021,69,569,68,32,69,40,68,1,68,10,68,472,69,86,68,81,69,546,68,470,69,23,68,2,68,704,69,0.5286932715594398,69,5021,9497,0.1164790174002047,68,569,4885,0.06111707841031149,68,569,9310,0.1277860326894502,68,86,673,0.6704545454545454,69,472,704
PR,2020-12-22,1,0,68,1,0,68,13,68,9477,69,5014,69,568,68,27,69,48,67,0,68,5,67,440,69,93,68,85,69,553,68,490,69,15,68,0,68,698,69,0.5290703809222328,69,5014,9477,0.11656064026267186,68,568,4873,0.06114101184068891,68,568,9290,0.13943028485757122,68,93,667,0.6303724928366762,69,440,698
PR,2020-12-21,1,0,68,1,0,68,11,68,9363,69,4924,69,546,68,31,64,47,63,0,63,3,63,446,69,94,68,87,64,531,68,414,64,15,68,2,63,687,69,0.5258998184342625,69,4924,9363,0.11391612768620905,68,546,4793,0.05950305143853531,68,546,9176,0.14329268292682926,68,94,656,0.6491994177583698,69,446,687
PR,2020-12-20,1,0,68,1,0,68,12,68,9423,69,5085,69,567,68,42,64,49,63,2,63,6,63,456,69,94,68,89,64,543,68,418,64,24,68,7,63,680,69,0.5396370582617,69,5085,9423,0.11452231872349021,68,567,4951,0.061390212213079255,68,567,9236,0.1448382126348228,68,94,649,0.6705882352941176,69,456,680
PR,2020-12-19,1,0,68,1,0,68,15,68,9562,69,5362,69,591,68,29,69,71,67,1,68,9,67,464,69,97,68,90,69,564,68,476,69,27,68,6,68,684,69,0.5607613469985359,69,5362,9562,0.11317502872462658,68,591,5222,0.06304,68,591,9375,0.14854517611026033,68,97,653,0.6783625730994152,69,464,684
PR,2020-12-18,1,0,68,1,0,68,18,68,9611,69,5396,69,605,68,29,68,60,67,0,67,8,67,455,69,97,68,85,68,582,68,491,68,23,68,3,67,679,69,0.5614400166475914,69,5396,9611,0.11523809523809524,68,605,5250,0.06419779286926995,68,605,9424,0.14969135802469136,68,97,648,0.6701030927835051,69,455,679
PR,2020-12-17,1,0,68,1,0,68,16,67,9463,69,5287,69,641,67,42,69,70,67,1,68,10,67,465,69,99,67,92,69,612,67,499,69,29,67,4,68,677,69,0.5587023142766564,69,5287,9463,0.1275875796178344,67,641,5024,0.07004698940006557,67,641,9151,0.15325077399380804,67,99,646,0.6868537666174298,69,465,677
PR,2020-12-16,10,53,6,11,52,6,13,67,9470,69,5307,69,626,67,36,67,60,66,0,66,8,66,460,69,98,67,90,67,589,67,471,67,37,67,4,66,679,69,0.5604012671594509,69,5307,9470,0.1242556570067487,67,626,5038,0.06835553614326272,67,626,9158,0.15123456790123457,67,98,648,0.6774668630338734,69,460,679
PR,2020-12-15,1,0,68,1,0,68,14,67,9421,69,5074,69,626,67,21,67,55,66,0,66,13,66,432,69,96,67,92,67,578,67,459,67,48,67,3,65,676,69,0.5385840144358348,69,5074,9421,0.13044384246718066,67,626,4799,0.06877609316633707,67,626,9102,0.14883720930232558,67,96,645,0.6390532544378699,69,432,676
PR,2020-12-14,1,0,68,1,0,68,16,67,9266,69,5051,69,650,67,19,63,59,63,1,62,18,63,459,68,101,67,95,63,604,67,448,63,46,67,5,61,683,68,0.5451111590761926,69,5051,9266,0.13513513513513514,67,650,4810,0.07251227130745203,67,650,8964,0.1549079754601227,66,101,652,0.6720351390922401,68,459,683
PR,2020-12-13,1,0,68,1,0,68,23,66,9298,69,5294,69,660,67,38,66,63,66,2,65,18,66,477,69,96,67,90,66,624,67,478,66,36,66,7,65,681,69,0.5693697569369757,69,5294,9298,0.13035749555599446,67,660,5063,0.07336594041796354,67,660,8996,0.1476923076923077,67,96,650,0.7004405286343612,69,477,681
PR,2020-12-12,1,0,68,1,0,68,12,66,9406,69,5361,69,684,67,41,68,65,65,0,67,6,65,472,69,104,66,95,68,656,67,501,68,28,66,5,67,680,69,0.5699553476504359,69,5361,9406,0.13338533541341654,67,684,5128,0.07509881422924901,67,684,9108,0.16024653312788906,66,104,649,0.6941176470588235,69,472,680
PR,2020-12-11,1,0,68,1,0,68,15,66,9368,69,5350,69,682,67,45,67,66,66,0,66,10,66,483,69,109,67,100,67,649,67,528,67,33,66,7,66,680,69,0.5710930828351836,69,5350,9368,0.13369927465202902,67,682,5101,0.07519294377067255,67,682,9070,0.1679506933744222,67,109,649,0.7102941176470589,69,483,680
PR,2020-12-10,1,0,68,1,0,68,14,66,9381,69,5319,69,692,67,32,66,65,62,2,65,7,62,480,69,99,67,96,66,649,67,538,66,43,66,11,65,680,69,0.5669971218420211,69,5319,9381,0.1368400237294839,67,692,5057,0.0762870686804101,67,692,9071,0.15254237288135594,67,99,649,0.7058823529411765,69,480,680
PR,2020-12-09,10,51,8,11,50,8,11,66,9298,69,5131,69,678,67,39,66,73,65,2,65,14,65,469,69,95,67,95,66,640,67,526,66,38,66,9,65,691,69,0.5518391051839105,69,5131,9298,0.13899138991389914,67,678,4878,0.07547589892018257,67,678,8983,0.14393939393939395,67,95,660,0.678726483357453,69,469,691
PR,2020-12-08,1,0,68,1,0,68,12,66,9408,69,5058,69,661,67,31,66,54,65,1,65,7,65,469,69,104,67,103,66,636,67,510,66,25,66,6,64,686,69,0.5376275510204082,69,5058,9408,0.13871983210912905,67,661,4765,0.07294195541822997,67,661,9062,0.15877862595419848,67,104,655,0.6836734693877551,69,469,686
PR,2020-12-07,1,0,68,1,0,68,12,66,9335,69,5047,69,657,67,25,64,35,63,1,63,6,63,463,69,106,67,98,64,625,67,499,64,32,66,6,63,690,69,0.540653454740225,69,5047,9335,0.1372467098391477,67,657,4787,0.0729675699689027,67,657,9004,0.16084977238239756,67,106,659,0.6710144927536232,69,463,690
PR,2020-12-06,1,0,68,1,0,68,12,66,9349,69,5130,69,695,67,20,62,35,65,0,61,12,65,453,69,107,67,90,62,650,67,431,62,45,66,4,61,678,69,0.5487217884265697,69,5130,9349,0.14276910435497125,67,695,4868,0.07707663302650548,67,695,9017,0.16537867078825347,67,107,647,0.668141592920354,69,453,678
PR,2020-12-05,1,0,68,1,0,68,9,66,9429,69,5333,69,695,67,45,65,64,65,1,64,12,65,473,69,102,67,100,65,658,67,487,65,37,66,3,64,682,69,0.5655955032347014,69,5333,9429,0.13708086785009863,67,695,5070,0.07639881279542707,67,695,9097,0.15668202764976957,67,102,651,0.6935483870967742,69,473,682
PR,2020-12-04,1,0,68,1,0,68,9,68,9572,69,5424,69,709,68,49,69,67,68,2,68,11,68,473,69,91,68,93,69,672,68,520,69,37,68,5,68,678,69,0.5666527371500208,69,5424,9572,0.13364750235626768,68,709,5305,0.075546084176878,68,709,9385,0.14064914992272023,68,91,647,0.6976401179941003,69,473,678
PR,2020-12-03,1,0,68,1,0,68,11,65,9488,69,5300,69,688,66,41,64,69,65,0,63,5,65,461,69,97,66,91,64,658,66,490,64,30,65,2,63,676,69,0.5586003372681282,69,5300,9488,0.1372979445220515,66,688,5011,0.07569589613818901,66,688,9089,0.15569823434991975,66,97,623,0.6819526627218935,69,461,676
PR,2020-12-02,10,52,7,10,52,7,7,66,9412,69,5077,69,693,66,48,66,61,65,1,65,6,65,463,69,98,66,94,66,666,66,487,66,27,66,3,65,674,69,0.5394177645558861,69,5077,9412,0.14467640918580377,66,693,4790,0.07682926829268293,66,693,9020,0.15755627009646303,66,98,622,0.6869436201780416,69,463,674
PR,2020-12-01,1,0,68,1,0,68,7,66,9410,69,4847,69,700,66,33,66,67,65,0,65,10,65,446,69,100,66,104,66,665,66,481,66,35,66,2,65,672,69,0.5150903294367694,69,4847,9410,0.15521064301552107,66,700,4510,0.0779423226812159,66,700,8981,0.16129032258064516,66,100,620,0.6636904761904762,69,446,672
PR,2020-11-30,1,0,68,1,0,68,6,66,9035,67,4588,67,672,66,22,67,37,64,1,66,8,64,435,69,99,66,97,67,635,66,447,67,37,66,1,66,668,69,0.507802988378528,67,4588,9035,0.15160689333954355,64,651,4294,0.07549576713440798,64,651,8623,0.16045380875202594,66,99,617,0.6511976047904192,69,435,668
PR,2020-11-29,1,0,68,1,0,68,5,65,9070,68,4642,69,659,65,28,66,48,63,0,65,12,63,442,69,102,65,98,66,620,65,453,66,39,65,0,65,685,69,0.49922822491730984,68,4528,9070,0.15240518038852913,65,659,4324,0.07419429631347091,64,640,8626,0.1608832807570978,65,102,634,0.6452554744525547,69,442,685
PR,2020-11-28,1,0,68,1,0,68,5,67,9298,69,4622,69,623,67,27,66,35,66,0,65,5,66,443,69,92,67,92,66,590,67,444,66,33,67,3,65,677,69,0.49709614970961497,69,4622,9298,0.1390004462293619,67,623,4482,0.06902282295590516,67,623,9026,0.14696485623003194,67,92,626,0.654357459379616,69,443,677
PR,2020-11-27,1,0,68,1,0,68,4,67,9058,68,4654,68,630,67,30,68,50,66,0,67,12,66,458,69,102,67,90,68,598,67,396,68,32,67,0,67,680,69,0.5137999558401413,68,4654,9058,0.13559698180204172,66,611,4506,0.06951871657754011,66,611,8789,0.16164817749603805,67,102,631,0.6735294117647059,69,458,680
PR,2020-11-26,1,0,68,1,0,68,4,67,9376,69,5088,69,653,67,40,68,66,66,2,67,20,66,460,69,97,67,85,68,618,67,470,68,35,67,4,67,675,69,0.5426621160409556,69,5088,9376,0.1323469801378192,67,653,4934,0.07169521299956083,67,653,9108,0.15495207667731628,67,97,626,0.6814814814814815,69,460,675
PR,2020-11-25,9,53,7,10,52,7,5,67,9369,69,5126,69,660,67,43,68,52,66,1,67,19,66,472,69,104,67,88,68,621,67,460,68,39,67,9,67,676,69,0.5471234923684491,69,5126,9369,0.1333872271624899,67,660,4948,0.07255139056831923,67,660,9097,0.16666666666666666,67,104,624,0.6982248520710059,69,472,676
PR,2020-11-24,1,0,68,1,0,68,5,67,9306,69,5010,69,688,67,29,68,64,66,0,67,17,66,479,69,110,67,91,68,644,67,494,68,44,67,9,67,674,69,0.5383623468729851,69,5010,9306,0.1423841059602649,67,688,4832,0.07615674119991145,67,688,9034,0.17684887459807075,67,110,622,0.7106824925816023,69,479,674
PR,2020-11-23,1,0,68,1,0,68,6,67,9302,69,5171,69,670,67,26,68,43,66,1,67,9,66,467,69,99,67,79,68,635,67,456,68,35,67,7,67,680,69,0.5559019565684798,69,5171,9302,0.13524424707307225,67,670,4954,0.0742546824781115,67,670,9023,0.15764331210191082,67,99,628,0.6867647058823529,69,467,680
PR,2020-11-22,1,0,68,1,0,68,2,67,9321,69,5369,69,665,67,30,68,60,66,1,67,16,67,471,69,97,67,69,68,630,67,468,68,35,67,7,67,680,69,0.5760111576011158,69,5369,9321,0.12842796446504443,67,665,5178,0.07348878329097137,67,665,9049,0.15445859872611464,67,97,628,0.6926470588235294,69,471,680
PR,2020-11-21,1,0,68,1,0,68,5,67,9454,69,5497,69,678,67,50,68,69,66,2,67,15,66,473,69,98,67,80,68,634,67,490,68,44,67,8,67,679,69,0.5814470065580707,69,5497,9454,0.12734785875281743,67,678,5324,0.07379993469032328,67,678,9187,0.15580286168521462,67,98,629,0.6966126656848306,69,473,679
PR,2020-11-20,1,0,68,1,0,68,3,67,9534,69,5590,69,661,67,52,68,72,66,1,67,7,65,473,69,98,67,80,68,625,67,483,68,36,67,4,67,671,69,0.5863226347807846,69,5590,9534,0.12229417206290472,67,661,5405,0.07136687540488015,67,661,9262,0.15780998389694043,67,98,621,0.7049180327868853,69,473,671
PR,2020-11-19,1,0,68,1,0,68,2,67,9448,69,5550,69,607,67,46,68,78,66,1,67,9,66,471,69,91,67,78,68,571,67,437,68,36,67,5,67,671,69,0.5874259102455546,69,5550,9448,0.11362785473605391,67,607,5342,0.06615082824760245,67,607,9176,0.1470113085621971,67,91,619,0.7019374068554396,69,471,671
PR,2020-11-18,8,53,8,9,52,8,3,67,9401,69,5391,69,590,67,41,68,66,65,1,67,20,64,467,69,85,67,77,68,559,67,449,68,31,67,7,67,674,69,0.5734496330177641,69,5391,9401,0.11359260685406238,67,590,5194,0.06462920363676197,67,590,9129,0.13687600644122383,67,85,621,0.6928783382789317,69,467,674
PR,2020-11-17,1,0,68,1,0,68,3,67,9279,69,5207,69,596,67,41,68,65,66,3,67,7,66,436,69,85,67,81,68,563,67,447,68,33,67,6,67,703,69,0.5611596077163488,69,5207,9279,0.11905713144226927,67,596,5006,0.06616341030195382,67,596,9008,0.13076923076923078,67,85,650,0.620199146514936,69,436,703
PR,2020-11-16,1,0,68,1,0,68,3,67,9170,68,5130,69,562,67,29,67,44,65,6,66,13,65,466,69,83,67,71,67,529,67,401,67,33,67,3,66,677,69,0.5461286804798255,68,5008,9170,0.11376518218623481,67,562,4940,0.061517736865738665,66,548,8908,0.1330128205128205,67,83,624,0.6883308714918759,69,466,677
PR,2020-11-15,1,0,68,1,0,68,3,67,8995,68,5114,69,543,67,20,68,56,66,1,67,6,65,463,69,90,67,75,68,517,67,379,68,26,67,1,67,688,69,0.5549749861033908,68,4992,8995,0.11011965118637193,67,543,4931,0.06060953253895509,66,529,8728,0.14173228346456693,67,90,635,0.6729651162790697,69,463,688
PR,2020-09-12,9,50,8,11,48,8,6,66,9811,67,5374,67,434,66,30,67,103,66,0,66,20,66,485,67,70,66,53,67,402,66,240,67,32,66,3,66,730,67,0.5477525226786261,67,5374,9811,0.0822436990714421,66,434,5277,0.04508622480781217,66,434,9626,0.10014306151645208,66,70,699,0.6643835616438356,67,485,730
PR,2020-09-11,9,50,8,9,50,8,4,66,9765,67,5390,67,414,66,31,67,106,66,0,66,18,66,486,67,68,66,53,67,374,66,223,67,40,66,6,66,727,67,0.5519713261648745,67,5390,9765,0.07837940174176448,66,414,5282,0.043215031315240085,66,414,9580,0.09770114942528736,66,68,696,0.6685006877579092,67,486,727
PR,2020-09-10,9,50,8,9,50,8,5,66,9729,67,5341,67,434,66,33,67,106,66,1,66,16,66,476,67,70,66,53,67,391,66,238,67,43,66,8,66,733,67,0.5489772844074416,67,5341,9729,0.08295107033639144,66,434,5232,0.04546883184913567,66,434,9545,0.09971509971509972,66,70,702,0.6493860845839018,67,476,733
PR,2020-09-09,9,50,8,9,50,8,5,66,9622,67,5117,67,418,66,14,66,82,64,0,66,13,66,465,67,71,66,57,67,371,66,242,67,47,66,10,66,724,67,0.5318021201413428,67,5117,9622,0.08344979037732082,66,418,5009,0.044284352155948725,66,418,9439,0.10245310245310245,66,71,693,0.6422651933701657,67,465,724
PR,2020-09-08,9,50,8,9,50,8,5,66,9390,67,5089,67,396,66,15,67,55,66,0,66,4,66,476,67,80,66,59,67,362,66,236,67,34,66,12,66,730,67,0.5419595314164004,67,5089,9390,0.07958199356913183,66,396,4976,0.043010752688172046,66,396,9207,0.11444921316165951,66,80,699,0.6520547945205479,67,476,730
PR,2020-09-07,9,50,8,9,50,8,5,66,9709,67,5103,67,386,66,7,67,68,66,2,66,3,66,467,67,81,66,65,67,356,66,245,67,30,66,10,66,731,67,0.5255948089401586,67,5103,9709,0.07724634780868521,66,386,4997,0.04052068024354399,66,386,9526,0.11571428571428571,66,81,700,0.6388508891928865,67,467,731
PR,2020-09-06,9,50,8,9,50,8,6,66,9808,67,5228,67,392,66,7,67,68,66,1,66,10,66,488,67,73,66,65,67,350,66,255,67,42,66,11,66,747,67,0.5330342577487766,67,5228,9808,0.07645796762239127,66,392,5127,0.04072727272727273,66,392,9625,0.10195530726256984,66,73,716,0.6532797858099063,67,488,747
PR,2020-09-05,9,50,8,9,50,8,4,66,9855,67,5503,67,388,66,18,67,83,66,2,66,12,66,502,67,76,66,61,67,344,66,255,67,44,66,11,66,757,67,0.5583967529173008,67,5503,9855,0.07181195632056266,66,388,5403,0.040115798180314306,66,388,9672,0.1046831955922865,66,76,726,0.6631439894319683,67,502,757
PR,2020-09-04,9,49,9,9,49,9,7,66,9749,67,5424,67,404,66,28,67,111,66,2,66,19,66,515,67,78,66,60,67,359,66,259,67,45,66,10,66,752,67,0.556364755359524,67,5424,9749,0.07602559277380504,66,404,5314,0.04223290821660046,66,404,9566,0.10818307905686546,66,78,721,0.6848404255319149,67,515,752
PR,2020-09-03,9,49,9,9,49,9,5,66,9736,67,5425,67,370,66,19,67,82,66,2,66,19,66,508,67,73,66,54,67,332,66,258,67,38,66,6,66,739,67,0.5572103533278554,67,5425,9736,0.06965361445783133,66,370,5312,0.03873128860043965,66,370,9553,0.10310734463276836,66,73,708,0.6874154262516915,67,508,739
PR,2020-09-02,9,49,9,9,49,9,3,66,9651,67,5293,67,384,66,25,67,108,66,0,66,10,66,483,66,71,66,46,67,356,66,259,67,28,66,7,66,733,67,0.548440576106103,67,5293,9651,0.07417423218079969,66,384,5177,0.04055766793409379,66,384,9468,0.10113960113960115,66,71,702,0.6589358799454298,66,483,733
PR,2020-09-01,8,50,9,9,49,9,1,66,9507,67,5136,67,402,66,20,67,97,66,0,66,13,66,483,66,71,66,51,67,371,66,252,67,31,66,7,66,716,67,0.5402335121489429,67,5136,9507,0.08017550857598724,66,402,5014,0.0431191676498981,66,402,9323,0.10395314787701318,66,71,683,0.6745810055865922,66,483,716
PR,2020-08-31,8,49,10,9,48,10,3,66,9508,67,5284,67,393,66,12,67,68,66,1,66,12,66,464,66,65,66,50,67,359,66,244,67,34,66,9,66,703,67,0.5557425326041229,67,5284,9508,0.07604489164086688,66,393,5168,0.042162858062439655,66,393,9321,0.09701492537313433,66,65,670,0.6600284495021337,66,464,703
PR,2020-08-30,8,48,11,9,47,11,3,66,9575,66,5324,67,375,66,22,67,53,66,0,66,7,66,475,66,63,66,51,67,343,66,245,67,32,66,8,66,714,67,0.5454830287206266,66,5223,9575,0.07192174913693901,66,375,5214,0.03919062832800852,65,368,9390,0.09251101321585903,66,63,681,0.665266106442577,66,475,714
PR,2020-08-29,8,49,10,9,48,10,3,66,9747,67,5414,67,379,66,30,67,83,66,0,66,8,66,486,66,65,66,63,67,341,66,240,67,38,66,6,66,722,67,0.5554529598850928,67,5414,9747,0.07140165787490581,66,379,5308,0.03963605940179879,66,379,9562,0.09433962264150944,66,65,689,0.6731301939058172,66,486,722
PR,2020-08-28,7,47,13,8,46,13,1,66,9827,67,5465,67,423,66,20,67,115,66,1,66,10,66,480,66,72,66,50,67,393,66,227,67,30,66,9,66,713,67,0.5561208914215936,67,5465,9827,0.07882966828177414,66,423,5366,0.04387056627255756,66,423,9642,0.10588235294117647,66,72,680,0.6732117812061711,66,480,713
PR,2020-08-27,7,48,12,8,47,12,1,66,9575,67,5406,67,418,66,25,67,101,66,2,66,8,66,487,66,74,66,57,67,383,66,229,67,35,66,6,66,724,67,0.5645953002610966,67,5406,9575,0.07874905802562171,66,418,5308,0.044515441959531415,66,418,9390,0.10709117221418235,66,74,691,0.6726519337016574,66,487,724
PR,2020-08-26,7,47,13,8,46,13,1,66,9608,67,5238,67,410,66,28,67,114,66,0,66,27,66,460,66,62,66,57,67,381,66,230,67,29,66,3,66,722,67,0.5451706910907577,67,5238,9608,0.0799064509842136,66,410,5131,0.04351055926987159,66,410,9423,0.0899854862119013,66,62,689,0.6371191135734072,66,460,722
PR,2020-08-25,8,46,13,9,46,12,1,66,9597,67,5107,67,405,66,20,67,85,66,0,66,17,66,463,66,67,66,59,67,376,66,229,67,29,66,2,66,720,67,0.5321454621235803,67,5107,9597,0.08130897410158602,66,405,4981,0.04303931987247609,66,405,9410,0.0975254730713246,66,67,687,0.6430555555555556,66,463,720
PR,2020-08-24,7,46,14,8,46,13,1,66,9691,67,4974,67,379,66,17,66,55,66,5,66,16,66,477,66,71,66,57,67,349,66,230,67,30,66,1,66,741,67,0.5132597255185224,67,4974,9691,0.07804777594728171,66,379,4856,0.03987794612794613,66,379,9504,0.10028248587570622,66,71,708,0.6437246963562753,66,477,741
PR,2020-08-23,7,46,14,8,46,13,1,66,9638,67,5104,67,390,66,9,67,64,66,0,66,9,66,487,67,66,66,55,67,363,66,241,67,27,66,4,66,720,67,0.5295704503008923,67,5104,9638,0.078125,66,390,4992,0.04126547455295736,66,390,9451,0.09606986899563319,66,66,687,0.6763888888888889,67,487,720
PR,2020-08-22,7,44,16,7,45,15,1,66,9693,67,5429,67,419,66,20,67,93,66,0,66,10,66,489,67,67,66,51,67,382,66,256,67,37,66,5,66,731,67,0.5600949138553596,67,5429,9693,0.07889286386744493,66,419,5311,0.04407742478434673,66,419,9506,0.09598853868194843,66,67,698,0.6689466484268126,67,489,731
PR,2020-08-21,7,43,17,7,43,17,2,66,9776,67,5553,67,411,66,21,67,113,66,2,66,11,66,472,67,65,66,55,67,365,66,271,67,46,66,5,66,726,67,0.5680237315875614,67,5553,9776,0.07555147058823529,66,411,5440,0.04286161226405256,66,411,9589,0.09379509379509379,66,65,693,0.650137741046832,67,472,726
PR,2020-08-20,7,37,23,7,38,22,1,66,9722,67,5500,67,412,66,20,67,123,66,1,66,12,66,462,67,57,66,50,67,373,66,255,67,39,66,5,66,714,67,0.5657272166220942,67,5500,9722,0.07653724688835221,66,412,5383,0.04320469798657718,66,412,9536,0.08370044052863436,66,57,681,0.6470588235294118,67,462,714
PR,2020-08-19,7,40,20,7,41,19,0,66,9700,67,5386,67,381,66,22,67,77,66,1,66,12,66,461,67,58,66,51,67,347,66,274,67,34,66,3,66,727,67,0.5552577319587629,67,5386,9700,0.07220011370096646,66,381,5277,0.04005045726900031,66,381,9513,0.08357348703170028,66,58,694,0.6341127922971114,67,461,727
PR,2020-08-18,9,44,14,9,44,14,14,66,9694,67,5241,67,407,66,29,67,88,66,2,66,13,66,466,67,62,66,50,67,375,66,295,67,32,66,6,66,726,67,0.5406436971322468,67,5241,9694,0.07939914163090128,66,407,5126,0.04281056063952877,66,407,9507,0.08946608946608947,66,62,693,0.6418732782369146,67,466,726
PR,2020-08-17,7,45,7,8,43,8,2,59,8579,59,4505,59,405,59,13,59,80,59,3,59,8,59,429,59,54,59,45,59,382,59,238,59,23,59,3,59,682,59,0.5251194777946148,59,4505,8579,0.08990011098779134,59,405,4505,0.0472082993355869,59,405,8579,0.07917888563049853,59,54,682,0.6290322580645161,59,429,682
PR,2020-08-16,7,45,7,8,43,8,1,59,8466,59,4563,59,381,59,18,59,80,59,4,59,7,59,444,59,63,59,48,59,358,59,252,59,23,59,1,59,680,59,0.538979447200567,59,4563,8466,0.08349769888231427,59,381,4563,0.04500354358610914,59,381,8466,0.09264705882352942,59,63,680,0.6529411764705882,59,444,680
PR,2020-08-15,8,45,7,9,44,7,1,60,8793,60,4912,60,398,60,25,60,84,60,0,60,7,60,457,60,66,60,50,60,377,60,239,60,21,60,2,60,668,60,0.5586261799158422,60,4912,8793,0.08102605863192182,60,398,4912,0.045263277607187534,60,398,8793,0.09880239520958084,60,66,668,0.6841317365269461,60,457,668
PR,2020-08-14,8,51,7,9,50,7,1,66,9282,66,5302,66,443,66,18,66,124,66,4,66,9,66,449,66,69,66,53,66,423,66,249,66,20,66,2,66,665,66,0.5712131006248653,66,5302,9282,0.08355337608449642,66,443,5302,0.047726783020900665,66,443,9282,0.1037593984962406,66,69,665,0.675187969924812,66,449,665
PR,2020-08-13,8,51,7,9,49,8,3,66,9453,66,5426,66,478,66,22,66,73,66,0,66,9,66,466,66,79,66,53,66,452,66,263,66,26,66,1,66,680,66,0.5739976726964985,66,5426,9453,0.08809436048654626,66,478,5426,0.05056595789696393,66,478,9453,0.1161764705882353,66,79,680,0.6852941176470588,66,466,680
PR,2020-08-12,8,51,7,9,50,7,3,66,9342,66,5265,66,459,66,19,66,107,66,3,66,7,66,445,66,74,66,54,66,435,66,276,66,24,66,8,66,676,66,0.5635838150289018,66,5265,9342,0.08717948717948718,66,459,5265,0.049132947976878616,66,459,9342,0.10946745562130178,66,74,676,0.658284023668639,66,445,676
PR,2020-08-11,8,51,7,9,50,7,5,66,9203,66,5144,66,438,66,25,66,88,66,3,65,9,66,469,66,79,66,47,66,411,66,274,66,27,66,9,66,674,66,0.5589481690753015,66,5144,9203,0.08514774494556765,66,438,5144,0.0475931761382158,66,438,9203,0.1172106824925816,66,79,674,0.6958456973293768,66,469,674
PR,2020-08-10,9,52,5,9,52,5,14,66,10280,66,5930,66,377,66,28,66,89,66,0,66,14,66,481,66,54,66,57,66,347,66,233,66,30,66,4,66,703,66,0.5768482490272373,66,5930,10280,0.06357504215851602,66,377,5930,0.036673151750972764,66,377,10280,0.07681365576102418,66,54,703,0.6842105263157895,66,481,703
PR,2020-08-09,7,44,7,8,43,7,1,58,8072,57,4371,58,409,58,37,58,64,58,4,58,9,58,455,58,79,58,46,58,388,58,222,58,21,58,10,58,681,58,0.529360753221011,57,4273,8072,0.09357126515671471,58,409,4371,0.04943012884043608,57,399,8072,0.11600587371512482,58,79,681,0.6681350954478708,58,455,681
PR,2020-08-08,7,44,7,8,43,7,2,58,8419,58,4494,58,395,58,14,58,79,58,0,58,15,58,460,58,78,58,48,58,370,58,233,58,25,58,5,58,669,58,0.5337926119491626,58,4494,8419,0.08789497107254117,58,395,4494,0.04691768618600784,58,395,8419,0.11659192825112108,58,78,669,0.6875934230194319,58,460,669
PR,2020-08-07,6,43,9,7,42,9,2,58,8481,58,4571,58,432,58,12,58,80,58,1,58,14,58,464,58,72,58,49,58,399,58,216,58,33,58,6,58,679,58,0.5389694611484495,58,4571,8481,0.09450886020564428,58,432,4571,0.050937389458790235,58,432,8481,0.10603829160530191,58,72,679,0.6833578792341679,58,464,679
PR,2020-08-06,5,38,15,6,37,15,3,57,8502,58,4586,58,446,58,13,58,71,58,8,58,8,58,458,58,75,58,52,58,413,58,238,58,33,58,5,58,668,58,0.539402493530934,58,4586,8502,0.09725250763192324,58,446,4586,0.05245824511879558,58,446,8502,0.1122754491017964,58,75,668,0.6856287425149701,58,458,668
PR,2020-08-05,14,36,9,8,40,11,5,59,8566,59,4389,59,497,59,16,59,63,59,7,59,13,59,453,59,72,59,62,59,456,59,271,59,41,59,6,59,673,59,0.5123745038524399,59,4389,8566,0.11323763955342903,59,497,4389,0.05802007938360962,59,497,8566,0.10698365527488855,59,72,673,0.6731054977711739,59,453,673
PR,2020-08-04,9,37,22,8,39,21,8,68,8748,68,4301,68,520,68,6,68,53,67,2,68,10,68,439,68,74,68,40,68,473,68,162,68,47,68,2,68,684,68,0.491655235482396,68,4301,8748,0.12090211578702627,68,520,4301,0.05944215820759031,68,520,8748,0.10818713450292397,68,74,684,0.6418128654970761,68,439,684
PR,2020-08-03,7,40,21,7,40,21,5,68,8566,68,4145,68,540,68,3,68,45,67,6,68,19,68,435,68,66,68,29,68,506,68,163,68,34,68,2,68,687,68,0.48388979687135186,68,4145,8566,0.13027744270205066,68,540,4145,0.06303992528601447,68,540,8566,0.09606986899563319,68,66,687,0.6331877729257642,68,435,687
PR,2020-08-02,7,36,25,7,35,26,5,66,8178,68,4022,68,571,68,0,68,42,66,3,66,6,65,417,68,65,68,35,68,475,68,164,68,96,68,63,68,635,68,0.491807287845439,68,4022,8178,0.1419691695673794,68,571,4022,0.0698214722426021,68,571,8178,0.10236220472440945,68,65,635,0.6566929133858268,68,417,635
PR,2020-08-01,7,39,22,7,37,24,8,66,8567,68,4270,68,573,67,8,68,29,66,1,65,13,64,429,66,66,65,40,65,538,67,225,67,35,67,2,67,686,66,0.49842418582934517,68,4270,8567,0.13691756272401434,67,573,4185,0.06771448830063814,67,573,8462,0.0967741935483871,65,66,682,0.6253644314868805,66,429,686
PR,2020-07-31,9,37,22,8,36,24,4,68,8572,68,4179,68,492,68,1,68,25,63,16,68,13,68,440,68,62,68,30,68,454,68,110,68,38,68,0,68,690,68,0.4875174988334111,68,4179,8572,0.11773151471643933,68,492,4179,0.05739617358842744,68,492,8572,0.08985507246376812,68,62,690,0.6376811594202898,68,440,690
PR,2020-07-30,4,30,24,6,27,25,11,55,8493,58,4302,58,506,58,8,57,56,58,8,57,15,58,454,58,63,58,29,58,474,58,137,57,32,58,1,57,675,58,0.506534793359237,58,4302,8493,0.11761971176197118,58,506,4302,0.05957847639232309,58,506,8493,0.09333333333333334,58,63,675,0.6725925925925926,58,454,675
PR,2020-07-29,3,21,34,5,19,34,0,58,8503,58,4344,58,501,58,4,57,31,58,14,57,14,58,445,58,66,54,21,58,465,58,87,57,36,58,0,57,671,58,0.5108785134658356,58,4344,8503,0.11533149171270718,58,501,4344,0.05892038104198518,58,501,8503,0.0990990990990991,54,66,666,0.6631892697466468,58,445,671
PR,2020-07-28,5,7,46,5,7,46,14,15,7647,55,4227,58,607,57,13,12,40,12,0,6,5,8,115,13,22,13,14,10,242,14,71,12,9,14,1,12,149,12,0.5232117170132078,55,4001,7647,0.14452380952380953,57,607,4200,0.07650058846606513,55,585,7647,0.14685314685314685,11,21,143,0.7114093959731543,12,106,149
PR,2020-07-27,1,0,57,1,0,57,0,3,8118,55,4229,58,514,57,,0,0,1,,0,5,1,0,3,0,3,0,3,0,3,0,2,5,3,0,2,0,3,0.49310174919931016,55,4003,8118,0.12232270347453593,57,514,4202,0.06060606060606061,55,492,8118,,3,0,0,,3,0,0
PR,2020-07-26,1,0,57,1,0,57,2,3,7961,56,4277,58,542,58,0,2,0,3,,0,6,1,0,3,0,2,0,2,40,3,40,2,6,3,0,2,0,3,0.5189046602185655,56,4131,7961,0.12672433949029693,58,542,4277,0.06720261273709333,56,535,7961,,2,0,0,,3,0,0
PR,2020-07-25,1,0,57,1,0,57,2,1,7749,55,4578,58,571,57,0,2,0,3,,0,6,1,0,3,0,2,0,2,69,3,69,2,6,3,0,2,0,3,0.5617499032133179,55,4353,7749,0.12590959206174202,57,571,4535,0.07136404697380307,55,553,7749,,2,0,0,,3,0,0
PR,2020-07-24,1,0,57,1,0,57,0,3,8298,58,4751,58,453,57,,0,0,1,,0,3,1,0,3,0,2,0,2,1,3,0,2,3,3,0,2,0,3,0.5725476018317667,58,4751,8298,0.09652674195610483,57,453,4693,0.054975728155339805,57,453,8240,,2,0,0,,3,0,0
PR,2020-07-23,1,0,57,1,0,57,0,3,8332,57,4712,58,448,57,,0,0,1,,0,5,1,0,3,0,2,0,2,1,3,0,2,5,3,0,2,0,3,0.5631301008161306,57,4692,8332,0.09548167092924126,57,448,4692,0.05376860297647624,57,448,8332,,2,0,0,,3,0,0
PR,2020-07-22,1,0,57,1,0,57,0,3,8080,56,4625,58,419,56,0,2,0,2,0,2,0,2,0,3,0,2,0,2,1,3,0,2,3,3,0,2,0,3,0.5643564356435643,56,4560,8080,0.0918859649122807,56,419,4560,0.051856435643564354,56,419,8080,,2,0,0,,3,0,0
PR,2020-07-21,1,1,57,2,0,57,0,2,8099,58,4466,58,527,58,1,3,9,4,0,3,1,4,0,3,0,2,0,2,2,4,0,2,4,4,0,2,0,3,0.5514261019878998,58,4466,8099,0.1180026869682042,58,527,4466,0.06506976169897519,58,527,8099,,2,0,0,,3,0,0
PR,2020-07-20,1,1,57,2,0,57,0,2,7964,58,4290,59,487,58,1,3,9,3,0,3,0,3,0,3,0,2,0,2,1,4,0,2,4,4,0,2,0,3,0.5369161225514817,58,4276,7964,0.11389148737137511,58,487,4276,0.06115017579105977,58,487,7964,,2,0,0,,3,0,0
PR,2020-07-19,0,2,57,1,1,57,0,2,8375,59,4679,59,467,59,1,3,9,3,0,3,0,3,0,3,0,2,0,2,1,4,0,2,5,4,0,2,0,3,0.5586865671641791,59,4679,8375,0.09980765120752297,59,467,4679,0.05576119402985075,59,467,8375,,2,0,0,,3,0,0
PR,2020-07-18,0,2,58,1,1,58,0,3,8458,60,4760,60,473,60,1,3,9,3,0,3,0,3,0,3,0,2,0,2,1,4,0,2,6,4,0,2,0,3,0.5627807992433199,60,4760,8458,0.09936974789915966,60,473,4760,0.05592338614329629,60,473,8458,,2,0,0,,3,0,0
PR,2020-07-17,0,2,59,1,1,59,1,4,8499,60,4918,60,457,61,1,3,9,3,0,3,0,3,0,3,0,2,0,2,1,4,0,2,3,4,0,2,0,3,0.5814681107099879,59,4832,8310,0.09272061813745425,60,456,4918,0.052359101070714203,60,445,8499,,2,0,0,,3,0,0
PR,2020-07-16,0,1,59,0,1,59,1,3,8380,58,4851,59,292,60,0,2,0,2,0,2,0,2,0,3,0,2,0,2,4,3,0,2,3,3,0,2,0,3,0.5584177756073739,57,4574,8191,0.05998763141620284,59,291,4851,0.033532219570405725,58,281,8380,,2,0,0,,3,0,0
PR,2020-07-15,0,0,60,0,0,60,1,3,8206,58,4681,59,10,5,0,2,0,2,0,2,0,2,0,3,0,2,0,2,1,3,0,2,4,3,0,2,0,3,0.555818884869652,57,4456,8017,0.072,4,9,125,0.019417475728155338,5,10,515,,2,0,0,,3,0,0
PR,2020-07-14,1,7,60,1,7,60,1,16,9402,68,5165,67,246,68,0,8,0,8,0,8,0,8,0,8,0,8,0,8,16,8,16,8,0,8,0,8,0,8,0.560620861825681,67,5165,9213,0.04743465634075508,67,245,5165,0.02616464582003829,68,246,9402,,8,0,0,,8,0,0
PR,2020-07-13,1,7,60,1,7,60,1,16,9109,66,5125,67,190,65,0,8,0,8,0,8,0,8,0,8,0,8,0,8,16,8,16,8,0,8,0,8,0,8,0.567713004484305,65,5064,8920,0.037815126050420166,64,189,4998,0.02109938922820655,65,190,9005,,8,0,0,,8,0,0
PR,2020-07-12,1,7,60,1,7,60,1,16,8937,64,5073,65,203,65,0,8,0,8,0,8,0,8,0,8,0,8,0,8,16,8,16,8,0,8,0,8,0,8,0.56572930955647,63,4949,8748,0.03963715243541708,64,201,5071,0.022266979970907465,64,199,8937,,8,0,0,,8,0,0
PR,2020-07-11,1,7,60,1,7,60,1,16,9356,67,5405,67,198,68,0,8,0,8,0,8,0,8,0,8,0,8,0,8,16,8,16,8,0,8,0,8,0,8,0.5765244900185448,66,5285,9167,0.0364477335800185,67,197,5405,0.021162890123984607,67,198,9356,,8,0,0,,8,0,0
PR,2020-07-10,6,47,15,6,48,14,2,68,10234,68,5771,67,326,68,24,60,76,60,0,60,4,60,380,60,40,60,37,60,275,60,196,60,20,60,5,60,563,60,0.5745146839223494,67,5771,10045,0.05648934326806446,67,326,5771,0.0318546023060387,68,326,10234,0.07104795737122557,60,40,563,0.6749555950266429,60,380,563
PR,2020-07-09,0,0,60,0,0,60,0,8,8545,59,4720,59,153,60,,0,,0,,0,,0,,0,,0,,0,,0,,0,,0,,0,,0,0.549186213499282,58,4589,8356,0.03220338983050847,59,152,4720,0.017905207723815098,59,153,8545,,,,,,,,
PR,2020-07-08,0,0,60,0,0,60,0,8,8241,58,4650,59,135,60,,0,,0,,0,,0,,0,,0,,0,,0,,0,,0,,0,,0,0.5445175710915187,57,4385,8053,0.028817204301075268,59,134,4650,0.016017473607571896,58,132,8241,,,,,,,,
PR,2020-07-07,0,0,60,0,0,60,0,8,8039,57,4198,57,125,58,,0,,0,,0,,0,,0,,0,,0,,0,,0,,0,,0,,0,0.5176365720106966,56,4065,7853,0.026202953787517864,56,110,4198,0.013835223731771158,56,111,8023,,,,,,,,
PR,2020-07-06,0,0,60,0,0,60,0,8,4726,55,4337,58,110,56,,0,,0,,0,,0,,0,,0,,0,,0,,0,,0,,0,,0,0.8857079938339573,54,4022,4541,0.025659133709981168,55,109,4248,0.023152081563296515,54,109,4708,,,,,,,,
PR,2020-07-05,0,0,60,0,0,60,0,8,8317,58,4356,59,112,58,,0,,0,,0,,0,,0,,0,,0,,0,,0,,0,,0,,0,0.5140819087443119,57,4180,8131,0.02605257036520121,57,112,4299,0.013492350319238646,57,112,8301,,,,,,,,
PR,2020-07-04,0,0,60,0,0,60,0,8,8525,59,4648,59,100,60,,0,,0,,0,,0,,0,,0,,0,,0,,0,,0,,0,,0,0.5434808684178961,58,4531,8337,0.021514629948364887,59,100,4648,0.011730205278592375,59,100,8525,,,,,,,,
PR,2020-07-03,0,0,60,0,0,60,0,8,8429,58,4748,58,112,59,,0,,0,,0,,0,,0,,0,,0,,0,,0,,0,,0,,0,0.5614609877442058,57,4627,8241,0.02316764953664701,58,110,4748,0.013287459959663067,58,112,8429,,,,,,,,
PR,2020-07-02,0,0,60,0,0,60,0,9,8620,58,4760,58,103,60,,0,,0,,0,,0,,0,,0,,0,,0,,0,,0,,0,,0,0.549573055028463,57,4634,8432,0.021218487394957984,58,101,4760,0.011948955916473318,58,103,8620,,,,,,,,
PR,2020-07-01,0,0,60,0,0,60,0,10,8635,58,4467,57,124,57,,0,,0,,0,,0,,0,,0,,0,,0,,0,,0,,0,,0,0.5405540304467182,56,4332,8014,0.026733121884911646,55,118,4414,0.014608859566446749,56,124,8488,,,,,,,,
PR,2020-06-30,0,0,60,0,0,60,0,9,7845,56,4243,57,96,57,,0,,0,,0,,0,,0,,0,,0,,0,,0,,0,,0,,0,0.5493562231759657,54,3968,7223,0.022625559423172553,55,91,4022,0.012367946405565575,55,96,7762,,,,,,,,
PR,2020-06-29,0,0,60,0,0,60,0,10,8273,58,4195,57,118,59,,0,,0,,0,,0,,0,,0,,0,,0,,0,,0,,0,,0,0.5326101163246635,56,4075,7651,0.02598331346841478,57,109,4195,0.014263266046174302,58,118,8273,,,,,,,,
PR,2020-06-28,0,0,60,0,0,60,0,9,8210,58,4451,59,105,59,,0,,0,,0,,0,,0,,0,,0,,0,,0,,0,,0,,0,0.5243735195112829,57,4206,8021,0.024096385542168676,58,104,4316,0.012789281364190013,58,105,8210,,,,,,,,
PR,2020-06-27,0,0,60,0,0,60,0,9,8509,59,4698,59,102,60,,0,,0,,0,,0,,0,,0,,0,,0,,0,,0,,0,,0,0.5513221153846154,58,4587,8320,0.02149851000425713,59,101,4698,0.011987307556704666,59,102,8509,,,,,,,,
PR,2020-06-26,0,0,60,0,0,60,0,9,8624,59,4835,59,95,60,,0,,0,,0,,0,,0,,0,,0,,0,,0,,0,,0,,0,0.5595732068761115,58,4720,8435,0.019441571871768357,59,94,4835,0.011015769944341372,59,95,8624,,,,,,,,
PR,2020-06-25,0,0,60,0,0,60,0,9,8384,57,4742,58,93,59,,0,,0,,0,,0,,0,,0,,0,,0,,0,,0,,0,,0,0.5503355704697986,56,4510,8195,0.01940109658371995,58,92,4742,0.011092557251908396,57,93,8384,,,,,,,,
PR,2020-06-24,0,0,60,0,0,60,0,9,8493,58,4596,58,89,59,,0,,0,,0,,0,,0,,0,,0,,0,,0,,0,,0,,0,0.5384708007224563,57,4472,8305,0.019147084421235857,58,88,4596,0.01047921817967738,58,89,8493,,,,,,,,
PR,2020-06-23,0,0,60,0,0,60,0,9,8370,58,4283,58,86,59,,0,,0,,0,,0,,0,,0,,0,,0,,0,,0,,0,,0,0.5070267628009287,57,4149,8183,0.020079383609619427,58,86,4283,0.01027479091995221,58,86,8370,,,,,,,,
PR,2020-06-22,0,0,60,0,0,60,0,9,8143,56,4188,59,75,58,,0,,0,,0,,0,,0,,0,,0,,0,,0,,0,,0,,0,0.48642533936651583,55,3870,7956,0.018107194591984548,57,75,4142,0.009087559867370748,56,74,8143,,,,,,,,
PR,2020-06-21,0,0,60,0,0,60,0,9,8518,58,4289,58,65,59,,0,,0,,0,,0,,0,,0,,0,,0,,0,,0,,0,,0,0.4992197815388309,57,4159,8331,0.015155047796689206,58,65,4289,0.007630899272129608,58,65,8518,,,,,,,,
PR,2020-06-20,0,0,60,0,0,60,0,9,8590,58,4541,59,79,59,,0,,0,,0,,0,,0,,0,,0,,0,,0,,0,,0,,0,0.5242175413542782,57,4405,8403,0.017443144181938618,58,79,4529,0.00919674039580908,58,79,8590,,,,,,,,
PR,2020-06-19,0,0,61,0,0,61,0,10,8461,57,4862,60,83,60,,0,,0,,0,,0,,0,,0,,0,,0,,0,,0,,0,,0,0.558027079303675,56,4616,8272,0.01711340206185567,59,83,4850,0.009336957806405862,57,79,8461,,,,,,,,
PR,2020-06-18,0,0,61,0,0,61,0,10,8569,60,4578,59,80,61,,0,,0,,0,,0,,0,,0,,0,,0,,0,,0,,0,,0,0.5463007159904535,59,4578,8380,0.01747487986020096,59,80,4578,0.009335978527249386,60,80,8569,,,,,,,,
PR,2020-06-17,0,0,61,0,0,61,0,10,8531,59,4535,60,86,60,,0,,0,,0,,0,,0,,0,,0,,0,,0,,0,,0,,0,0.5226564373052026,58,4360,8342,0.019102621057307864,59,86,4502,0.010080881491032704,59,86,8531,,,,,,,,
PR,2020-06-16,0,0,61,0,0,61,0,10,8558,60,4298,60,100,61,,0,,0,,0,,0,,0,,0,,0,,0,,0,,0,,0,,0,0.4993439102946439,59,4186,8383,0.023266635644485806,60,100,4298,0.011684973124561814,60,100,8558,,,,,,,,
PR,2020-06-15,0,0,63,0,0,63,0,11,8654,61,4250,61,112,61,,0,,0,,0,,0,,0,,0,,0,,0,,0,,0,,0,,0,0.4915534554046072,60,4161,8465,0.026916606584955538,60,112,4161,0.012941992142361913,61,112,8654,,,,,,,,
PR,2020-06-14,0,0,62,0,0,62,0,10,8340,57,4178,60,121,60,,0,,0,,0,,0,,0,,0,,0,,0,,0,,0,,0,,0,0.4801864801864802,56,3914,8151,0.02978828163466273,59,121,4062,0.013669064748201438,57,114,8340,,,,,,,,
PR,2020-06-13,0,0,64,0,0,64,0,10,9081,61,4666,61,135,62,,0,,0,,0,,0,,0,,0,,0,,0,,0,,0,,0,,0,0.5116959064327485,60,4550,8892,0.02967032967032967,60,135,4550,0.014866204162537165,61,135,9081,,,,,,,,
PR,2020-06-12,0,0,64,0,0,64,0,10,8626,62,4782,62,110,62,,0,,0,,0,,0,,0,,0,,0,,0,,0,,0,,0,,0,0.5528031290743155,61,4664,8437,0.02358490566037736,61,110,4664,0.012752144678877812,62,110,8626,,,,,,,,
PR,2020-06-11,0,0,64,0,0,64,0,10,8986,62,4699,62,105,62,,0,,0,,0,,0,,0,,0,,0,,0,,0,,0,,0,,0,0.5207409932946926,61,4582,8799,0.02247926669576604,61,103,4582,0.011684843089249945,62,105,8986,,,,,,,,
PR,2020-06-10,0,0,62,0,0,62,0,9,8719,61,4432,60,108,59,,0,,0,,0,,0,,0,,0,,0,,0,,0,,0,,0,,0,0.5195170554448482,60,4432,8531,0.02490109378636258,58,107,4297,0.012581547064305684,59,108,8584,,,,,,,,
PR,2020-06-09,0,0,59,0,0,59,0,9,8520,58,4100,58,107,59,,0,,0,,0,,0,,0,,0,,0,,0,,0,,0,,0,,0,0.4786365818530965,57,3988,8332,0.025853658536585365,58,106,4100,0.012558685446009389,58,107,8520,,,,,,,,
PR,2020-06-08,0,0,33,0,0,33,0,31,4185,33,2541,32,405,33,,0,,0,,0,,0,,0,,0,,0,,0,,0,,0,,0,,0,0.635567783891946,32,2541,3998,0.15859897678079496,32,403,2541,0.0967741935483871,33,405,4185,,,,,,,,
PR,2020-06-07,0,0,33,0,0,33,0,31,4003,33,2485,32,436,33,,0,,0,,0,,0,,0,,0,,0,,0,,0,,0,,0,,0,0.6512054507337526,32,2485,3816,0.17464788732394365,32,434,2485,0.10891831126655009,33,436,4003,,,,,,,,
PR,2020-06-06,0,0,35,0,0,35,0,33,4079,35,2605,34,468,35,,0,,0,,0,,0,,0,,0,,0,,0,,0,,0,,0,,0,0.6691497559722579,34,2605,3893,0.17888675623800385,34,466,2605,0.11473400343221378,35,468,4079,,,,,,,,
PR,2020-06-05,0,0,39,0,0,39,0,36,4214,38,3116,38,476,39,,0,,0,,0,,0,,0,,0,,0,,0,,0,,0,,0,,0,0.7615499254843517,37,3066,4026,0.1521181001283697,38,474,3116,0.1117702895111533,38,471,4214,,,,,,,,
PR,2020-06-04,0,0,39,0,0,39,0,36,4202,38,3104,38,488,39,,0,,0,,0,,0,,0,,0,,0,,0,,0,,0,,0,,0,0.7610266633441316,37,3054,4013,0.1565721649484536,38,486,3104,0.11494526415992384,38,483,4202,,,,,,,,
PR,2020-06-03,0,0,35,0,0,35,1,33,3280,34,2807,34,209,35,,0,,0,,0,,0,,0,,0,,0,,0,,0,,0,,0,,0,0.8919443545778065,33,2757,3091,0.07374421090131814,34,207,2807,0.06219512195121951,34,204,3280,,,,,,,,
PR,2020-06-02,0,0,33,0,0,33,7,32,2905,32,2603,32,158,33,,0,,0,,0,,0,,0,,0,,0,,0,,0,,0,,0,,0,0.9396393080603607,31,2553,2717,0.059546676911256244,32,155,2603,0.05266781411359724,32,153,2905,,,,,,,,
PR,2020-06-01,0,0,33,0,0,33,7,31,2568,31,2483,31,133,33,,0,,0,,0,,0,,0,,0,,0,,0,,0,,0,,0,,0,1.0222689075630251,30,2433,2380,0.05235602094240838,31,130,2483,0.04867601246105919,31,125,2568,,,,,,,,
PR,2020-05-31,0,0,29,0,0,29,7,28,2457,28,2022,27,115,29,,0,,0,,0,,0,,0,,0,,0,,0,,0,,0,,0,,0,0.8935041979673001,27,2022,2263,0.05539070227497527,27,112,2022,0.045584045584045586,28,112,2457,,,,,,,,
PR,2020-05-30,0,0,29,0,0,29,6,28,2459,28,2038,27,155,29,,0,,0,,0,,0,,0,,0,,0,,0,,0,,0,,0,,0,0.9001766784452296,27,2038,2264,0.0745829244357213,27,152,2038,0.0618137454249695,28,152,2459,,,,,,,,
PR,2020-05-29,0,0,28,0,0,28,1,26,2424,27,2067,26,136,28,,0,,0,,0,,0,,0,,0,,0,,0,,0,,0,,0,,0,0.9182585517547757,26,2067,2251,0.06386066763425254,26,132,2067,0.054867986798679866,27,133,2424,,,,,,,,
PR,2020-05-28,0,0,27,0,0,27,9,27,2451,27,2083,26,146,27,,0,,0,,0,,0,,0,,0,,0,,0,,0,,0,,0,,0,0.9220894200973883,26,2083,2259,0.06865098415746519,26,143,2083,0.059567523459812324,27,146,2451,,,,,,,,
PR,2020-05-27,0,0,26,0,0,26,1,26,2462,26,1970,25,122,26,,0,,0,,0,,0,,0,,0,,0,,0,,0,,0,,0,,0,0.8678414096916299,25,1970,2270,0.05888324873096447,25,116,1970,0.04955320877335499,26,122,2462,,,,,,,,
PR,2020-05-26,0,0,27,0,0,27,1,27,2454,27,1970,26,111,27,,0,,0,,0,,0,,0,,0,,0,,0,,0,,0,,0,,0,0.8709106984969054,26,1970,2262,0.05532994923857868,26,109,1970,0.04523227383863081,27,111,2454,,,,,,,,
PR,2020-05-25,0,0,27,0,0,27,1,27,2422,27,1928,26,114,27,,0,,0,,0,,0,,0,,0,,0,,0,,0,,0,,0,,0,0.8645739910313901,26,1928,2230,0.058609958506224066,26,113,1928,0.04706853839801817,27,114,2422,,,,,,,,
PR,2020-05-24,0,0,27,0,0,27,2,27,2428,27,1913,26,109,27,,0,,0,,0,,0,,0,,0,,0,,0,,0,,0,,0,,0,0.8551631649530621,26,1913,2237,0.056455828541557763,26,108,1913,0.044892915980230645,27,109,2428,,,,,,,,
PR,2020-05-23,0,0,27,0,0,27,9,27,2445,27,1975,26,144,27,,0,,0,,0,,0,,0,,0,,0,,0,,0,,0,,0,,0,0.8766089658233467,26,1975,2253,0.07139240506329114,26,141,1975,0.05889570552147239,27,144,2445,,,,,,,,
PR,2020-05-22,0,0,27,0,0,27,1,27,2453,27,2023,26,113,27,,0,,0,,0,,0,,0,,0,,0,,0,,0,,0,,0,,0,0.8947368421052632,26,2023,2261,0.054869006426099855,26,111,2023,0.04606604158173665,27,113,2453,,,,,,,,
PR,2020-05-21,0,0,27,0,0,27,5,27,2461,27,2023,26,109,27,,0,,0,,0,,0,,0,,0,,0,,0,,0,,0,,0,,0,0.8915821947994711,26,2023,2269,0.05338606030647553,26,108,2023,0.04429093864282812,27,109,2461,,,,,,,,
PR,2020-05-20,0,0,27,0,0,27,5,27,2480,27,2004,26,111,27,,0,,0,,0,,0,,0,,0,,0,,0,,0,,0,,0,,0,0.8758741258741258,26,2004,2288,0.05439121756487026,26,109,2004,0.044758064516129036,27,111,2480,,,,,,,,
PR,2020-05-19,0,0,28,0,0,28,6,28,2448,28,2069,27,147,28,,0,,0,,0,,0,,0,,0,,0,,0,,0,,0,,0,,0,0.9171099290780141,27,2069,2256,0.06959884001933302,27,144,2069,0.06004901960784314,28,147,2448,,,,,,,,
PR,2020-05-18,0,0,28,0,0,28,5,28,2468,28,2034,27,114,28,,0,,0,,0,,0,,0,,0,,0,,0,,0,,0,,0,,0,0.8936731107205624,27,2034,2276,0.05457227138643068,27,111,2034,0.046191247974068074,28,114,2468,,,,,,,,
PR,2020-05-17,0,0,30,0,0,30,2,30,2710,30,2123,29,275,30,,0,,0,,0,,0,,0,,0,,0,,0,,0,,0,,0,,0,0.8427947598253275,29,2123,2519,0.1281205840791333,29,272,2123,0.1014760147601476,30,275,2710,,,,,,,,
PR,2020-05-16,0,0,36,0,0,36,2,36,2715,36,2147,35,338,36,,0,,0,,0,,0,,0,,0,,0,,0,,0,,0,,0,,0,0.8509710661910425,35,2147,2523,0.15649743828598045,35,336,2147,0.12449355432780847,36,338,2715,,,,,,,,
PR,2020-05-15,0,0,40,0,0,40,1,40,2842,40,2428,39,371,40,,0,,0,,0,,0,,0,,0,,0,,0,,0,,0,,0,,0,0.9162264150943397,39,2428,2650,0.15197693574958815,39,369,2428,0.13054187192118227,40,371,2842,,,,,,,,
PR,2020-05-14,0,0,39,0,0,39,0,39,2700,39,2362,38,372,39,,0,,0,,0,,0,,0,,0,,0,,0,,0,,0,,0,,0,0.9417862838915471,38,2362,2508,0.15622353937341235,38,369,2362,0.13777777777777778,39,372,2700,,,,,,,,
PR,2020-05-13,0,0,39,0,0,39,0,39,2525,39,2260,38,370,39,,0,,0,,0,,0,,0,,0,,0,,0,,0,,0,,0,,0,0.9678800856531049,38,2260,2335,0.16283185840707964,38,368,2260,0.14653465346534653,39,370,2525,,,,,,,,
PR,2020-05-12,0,0,37,0,0,37,0,37,2293,37,2031,36,209,37,,0,,0,,0,,0,,0,,0,,0,,0,,0,,0,,0,,0,0.9653041825095057,36,2031,2104,0.10142786804529788,36,206,2031,0.09114696903619712,37,209,2293,,,,,,,,
PR,2020-05-11,0,0,30,0,0,30,0,30,2039,30,1877,29,142,30,,0,,0,,0,,0,,0,,0,,0,,0,,0,,0,,0,,0,1.0140464613722313,29,1877,1851,0.07352157698454981,29,138,1877,0.06964198136341344,30,142,2039,,,,,,,,
PR,2020-05-10,0,0,28,0,0,28,0,28,1621,9,1803,27,126,28,,0,,0,,0,,0,,0,,0,,0,,0,,0,,0,,0,,0,0.4295676429567643,8,616,1434,0.06766500277315585,27,122,1803,0.015422578655151141,9,25,1621,,,,,,,,
PR,2020-05-09,0,0,28,0,0,28,0,28,1623,9,1819,27,167,28,,0,,0,,0,,0,,0,,0,,0,,0,,0,,0,,0,,0,0.43584379358437936,8,625,1434,0.09070918086860913,27,165,1819,0.015403573629081947,9,25,1623,,,,,,,,
PR,2020-05-08,0,0,27,0,0,27,4,27,1620,9,1847,26,164,27,,0,,0,,0,,0,,0,,0,,0,,0,,0,,0,,0,,0,0.44545454545454544,8,637,1430,0.08716838115863562,26,161,1847,0.015432098765432098,9,25,1620,,,,,,,,
PR,2020-05-07,0,0,27,0,0,27,0,27,1612,9,1875,26,150,27,,0,,0,,0,,0,,0,,0,,0,,0,,0,,0,,0,,0,0.45888966971187634,8,653,1423,0.0784,26,147,1875,0.019230769230769232,9,31,1612,,,,,,,,
PR,2020-05-06,0,0,27,0,0,27,0,27,1612,9,1869,26,143,27,,0,,0,,0,,0,,0,,0,,0,,0,,0,,0,,0,,0,0.4585674157303371,8,653,1424,0.0738362760834671,26,138,1869,0.016749379652605458,9,27,1612,,,,,,,,
PR,2020-05-05,0,0,26,0,0,26,0,26,1613,9,1740,25,140,26,,0,,0,,0,,0,,0,,0,,0,,0,,0,,0,,0,,0,0.46815955213435967,8,669,1429,0.07758620689655173,25,135,1740,0.015499070055796652,9,25,1613,,,,,,,,
PR,2020-05-04,0,0,25,0,0,25,0,25,1607,9,1614,24,112,25,,0,,0,,0,,0,,0,,0,,0,,0,,0,,0,,0,,0,0.4353023909985935,8,619,1422,0.06691449814126393,24,108,1614,0.009956440572495333,9,16,1607,,,,,,,,
PR,2020-05-03,0,0,28,0,0,28,1,28,1618,9,1703,27,113,28,,0,,0,,0,,0,,0,,0,,0,,0,,0,,0,,0,,0,0.4076923076923077,8,583,1430,0.06517909571344686,27,111,1703,0.012360939431396786,9,20,1618,,,,,,,,
PR,2020-05-02,0,0,28,0,0,28,1,28,1618,9,1736,27,146,28,,0,,0,,0,,0,,0,,0,,0,,0,,0,,0,,0,,0,0.40559440559440557,8,580,1430,0.08179723502304148,27,142,1736,0.012360939431396786,9,20,1618,,,,,,,,
PR,2020-05-01,0,0,28,0,0,28,2,28,1617,9,1788,27,150,28,,0,,0,,0,,0,,0,,0,,0,,0,,0,,0,,0,,0,0.4366689993002099,8,624,1429,0.08165548098434004,27,146,1788,0.016079158936301793,9,26,1617,,,,,,,,
PR,2020-04-30,0,0,28,0,0,28,3,28,1779,10,1831,27,164,28,,0,,0,,0,,0,,0,,0,,0,,0,,0,,0,,0,,0,0.43360604153555693,9,689,1589,0.08574549426542873,27,157,1831,0.01854974704890388,10,33,1779,,,,,,,,
PR,2020-04-29,0,0,29,0,0,29,2,28,1778,10,1806,28,180,29,,0,,0,,0,,0,,0,,0,,0,,0,,0,,0,,0,,0,0.42947103274559195,9,682,1588,0.09413067552602436,28,170,1806,0.02080989876265467,10,37,1778,,,,,,,,
PR,2020-04-28,0,0,32,0,0,32,1,26,1928,11,1798,31,185,32,,0,,0,,0,,0,,0,,0,,0,,0,,0,,0,,0,,0,0.3993095512082854,10,694,1738,0.09955506117908787,31,179,1798,0.01867219917012448,11,36,1928,,,,,,,,
PR,2020-04-27,0,0,33,0,0,33,1,10,1740,10,1949,33,190,33,,0,,0,,0,,0,,0,,0,,0,,0,,0,,0,,0,,0,0.3718390804597701,10,647,1740,0.09748589020010262,33,190,1949,0.01206896551724138,10,21,1740,,,,,,,,
PR,2020-04-26,0,0,32,0,0,32,3,11,1924,11,1837,31,212,32,,0,,0,,0,,0,,0,,0,,0,,0,,0,,0,,0,,0,0.3631123919308357,10,630,1735,0.10179640718562874,31,187,1837,0.02442827442827443,11,47,1924,,,,,,,,
PR,2020-04-25,0,0,32,0,0,32,3,11,1820,11,1843,31,234,32,,0,,0,,0,,0,,0,,0,,0,,0,,0,,0,,0,,0,0.3911710606989577,10,638,1631,0.1134020618556701,31,209,1843,0.03021978021978022,11,55,1820,,,,,,,,
PR,2020-04-24,0,0,31,0,0,31,2,11,1927,11,1837,30,232,31,,0,,0,,0,,0,,0,,0,,0,,0,,0,,0,,0,,0,0.38550057537399307,10,670,1738,0.11268372346216658,30,207,1837,0.03321224701608718,11,64,1927,,,,,,,,
PR,2020-04-23,0,0,19,0,0,19,3,11,1923,11,1173,18,167,19,,0,,0,,0,,0,,0,,0,,0,,0,,0,,0,,0,,0,0.39850057670126876,10,691,1734,0.12105711849957375,18,142,1173,0.03380135205408216,11,65,1923,,,,,,,,
PR,2020-04-22,0,0,11,0,0,11,3,11,1924,11,678,10,73,11,,0,,0,,0,,0,,0,,0,,0,,0,,0,,0,,0,,0,0.39077809798270896,10,678,1735,0.07079646017699115,10,48,678,0.037941787941787944,11,73,1924,,,,,,,,
PR,2020-04-21,0,0,11,0,0,11,2,11,1924,11,647,10,78,11,,0,,0,,0,,0,,0,,0,,0,,0,,0,,0,,0,,0,0.3729106628242075,10,647,1735,0.09119010819165378,10,59,647,0.04054054054054054,11,78,1924,,,,,,,,
PR,2020-04-20,0,0,11,0,0,11,1,11,1921,11,643,10,61,11,,0,,0,,0,,0,,0,,0,,0,,0,,0,,0,,0,,0,0.3712471131639723,10,643,1732,0.07620528771384137,10,49,643,0.031754294638209266,11,61,1921,,,,,,,,
PR,2020-04-19,0,0,11,0,0,11,1,11,1919,11,630,10,60,11,,0,,0,,0,,0,,0,,0,,0,,0,,0,,0,,0,,0,0.36416184971098264,10,630,1730,0.07301587301587302,10,46,630,0.031266284523189164,11,60,1919,,,,,,,,
PR,2020-04-18,0,0,11,0,0,11,1,11,1919,11,627,10,66,11,,0,,0,,0,,0,,0,,0,,0,,0,,0,,0,,0,,0,0.3624277456647399,10,627,1730,0.07177033492822966,10,45,627,0.034392912975508075,11,66,1919,,,,,,,,
PR,2020-04-17,0,0,11,0,0,11,1,11,1922,11,632,10,64,11,,0,,0,,0,,0,,0,,0,,0,,0,,0,,0,,0,,0,0.36468551644547026,10,632,1733,0.06645569620253164,10,42,632,0.03329864724245578,11,64,1922,,,,,,,,
PR,2020-04-16,0,0,11,0,0,11,1,11,1925,11,620,10,58,11,,0,,0,,0,,0,,0,,0,,0,,0,,0,,0,,0,,0,0.35714285714285715,10,620,1736,0.06935483870967742,10,43,620,0.03012987012987013,11,58,1925,,,,,,,,
PR,2020-04-15,0,0,11,0,0,11,1,11,1923,11,594,10,53,11,,0,,0,,0,,0,,0,,0,,0,,0,,0,,0,,0,,0,0.34256055363321797,10,594,1734,0.06734006734006734,10,40,594,0.027561102444097763,11,53,1923,,,,,,,,
PR,2020-04-14,5,46,16,5,46,16,2,67,9300,67,4605,66,312,67,39,56,45,56,0,56,8,56,341,56,38,56,25,56,238,56,161,56,26,56,6,56,490,56,0.5054329930852816,66,4605,9111,0.06579804560260587,66,303,4605,0.03354838709677419,67,312,9300,0.07755102040816327,56,38,490,0.6959183673469388,56,341,490
PR,2020-04-13,5,46,16,5,46,16,8,65,9316,67,4597,66,307,67,39,56,45,56,0,56,8,56,341,56,38,56,25,56,238,56,161,56,26,56,6,56,490,56,0.5036704283992549,66,4597,9127,0.06525995214270176,66,300,4597,0.03295405753542293,67,307,9316,0.07755102040816327,56,38,490,0.6959183673469388,56,341,490
PR,2020-04-12,5,47,14,5,47,14,7,66,9135,66,4609,66,301,66,39,58,45,58,0,58,8,58,341,58,38,58,25,58,239,58,161,58,26,58,6,58,497,58,0.5045429666119321,66,4609,9135,0.06530700802777176,66,301,4609,0.03295019157088123,66,301,9135,0.07645875251509054,58,38,497,0.6861167002012073,58,341,497
PR,2020-04-11,5,47,14,5,47,14,7,66,9138,66,4594,66,307,66,39,58,45,58,0,58,8,58,341,58,38,58,25,58,239,58,161,58,26,58,6,58,497,58,0.5027358284088422,66,4594,9138,0.06682629516760992,66,307,4594,0.033595972860582184,66,307,9138,0.07645875251509054,58,38,497,0.6861167002012073,58,341,497
PR,2020-04-10,5,47,14,5,47,14,7,66,9134,66,4614,66,309,66,39,58,45,58,0,58,8,58,341,58,38,58,25,58,239,58,161,58,26,58,6,58,497,58,0.505145609809503,66,4614,9134,0.06697009102730819,66,309,4614,0.03382964747098752,66,309,9134,0.07645875251509054,58,38,497,0.6861167002012073,58,341,497
PR,2020-04-09,0,0,8,0,0,8,1,8,1681,8,548,8,41,8,,0,,0,,0,,0,,0,,0,,0,,0,,0,,0,,0,,0,0.32599643069601425,8,548,1681,0.07481751824817519,8,41,548,0.024390243902439025,8,41,1681,,,,,,,,
PR,2020-04-08,0,0,8,0,0,8,1,8,1684,8,567,8,39,8,,0,,0,,0,,0,,0,,0,,0,,0,,0,,0,,0,,0,0.33669833729216153,8,567,1684,0.06878306878306878,8,39,567,0.02315914489311164,8,39,1684,,,,,,,,
PR,2020-04-07,0,0,8,0,0,8,4,8,1686,8,546,8,38,8,,0,,0,,0,,0,,0,,0,,0,,0,,0,,0,,0,,0,0.3238434163701068,8,546,1686,0.0695970695970696,8,38,546,0.022538552787663108,8,38,1686,,,,,,,,
PR,2020-04-06,0,0,8,0,0,8,0,8,1679,8,532,8,42,8,,0,,0,,0,,0,,0,,0,,0,,0,,0,,0,,0,,0,0.31685527099463967,8,532,1679,0.07894736842105263,8,42,532,0.02501488981536629,8,42,1679,,,,,,,,
PR,2020-04-05,0,0,8,0,0,8,0,8,1379,8,502,8,39,8,,0,,0,,0,,0,,0,,0,,0,,0,,0,,0,,0,,0,0.3640319071791153,8,502,1379,0.07768924302788845,8,39,502,0.028281363306744016,8,39,1379,,,,,,,,
PR,2020-04-04,0,0,8,0,0,8,1,8,1680,8,537,8,39,8,,0,,0,,0,,0,,0,,0,,0,,0,,0,,0,,0,,0,0.3196428571428571,8,537,1680,0.07262569832402235,8,39,537,0.023214285714285715,8,39,1680,,,,,,,,
PR,2020-04-03,0,0,8,0,0,8,0,8,1685,8,577,8,41,8,,0,,0,,0,,0,,0,,0,,0,,0,,0,,0,,0,,0,0.342433234421365,8,577,1685,0.07105719237435008,8,41,577,0.02433234421364985,8,41,1685,,,,,,,,
PR,2020-04-02,0,0,8,0,0,8,1,8,1689,8,587,8,37,8,,0,,0,,0,,0,,0,,0,,0,,0,,0,,0,,0,,0,0.3475429248075784,8,587,1689,0.06303236797274275,8,37,587,0.021906453522794554,8,37,1689,,,,,,,,
PR,2020-04-01,0,0,8,0,0,8,2,8,1687,8,583,8,31,8,,0,,0,,0,,0,,0,,0,,0,,0,,0,,0,,0,,0,0.34558387670420865,8,583,1687,0.05317324185248713,8,31,583,0.018375815056312982,8,31,1687,,,,,,,,
PR,2020-03-31,0,0,6,0,0,6,0,6,1377,6,462,6,27,6,,0,,0,,0,,0,,0,,0,,0,,0,,0,,0,,0,,0,0.3355119825708061,6,462,1377,0.05844155844155844,6,27,462,0.0196078431372549,6,27,1377,,,,,,,,
PR,2020-03-30,0,0,6,0,0,6,0,6,1384,6,473,6,31,6,,0,,0,,0,,0,,0,,0,,0,,0,,0,,0,,0,,0,0.3417630057803468,6,473,1384,0.06553911205073996,6,31,473,0.022398843930635837,6,31,1384,,,,,,,,
PR,2020-03-29,0,0,6,0,0,6,0,6,1382,6,492,6,29,6,,0,,0,,0,,0,,0,,0,,0,,0,,0,,0,,0,,0,0.35600578871201155,6,492,1382,0.05894308943089431,6,29,492,0.020984081041968163,6,29,1382,,,,,,,,
PR,2020-03-28,0,0,2,0,0,2,0,2,660,2,220,2,15,2,,0,,0,,0,,0,,0,,0,,0,,0,,0,,0,,0,,0,0.3333333333333333,2,220,660,0.06818181818181818,2,15,220,0.022727272727272728,2,15,660,,,,,,,,
PR,2020-03-27,0,0,3,0,0,3,1,3,809,3,225,2,10,3,,0,,0,,0,,0,,0,,0,,0,,0,,0,,0,,0,,0,0.34142640364188165,2,225,659,0.04,2,9,225,0.012360939431396786,3,10,809,,,,,,,,
PR,2020-03-26,0,0,2,0,0,2,1,2,363,2,64,1,8,2,,0,,0,,0,,0,,0,,0,,0,,0,,0,,0,,0,,0,0.3004694835680751,1,64,213,0.109375,1,7,64,0.02203856749311295,2,8,363,,,,,,,,
PR,2020-03-25,0,0,2,0,0,2,1,2,363,2,77,1,6,2,,0,,0,,0,,0,,0,,0,,0,,0,,0,,0,,0,,0,0.3615023474178404,1,77,213,0.06493506493506493,1,5,77,0.01652892561983471,2,6,363,,,,,,,,
PR,2020-03-24,0,0,2,0,0,2,1,2,363,2,84,1,1,2,,0,,0,,0,,0,,0,,0,,0,,0,,0,,0,,0,,0,0.39436619718309857,1,84,213,0.0,1,0,84,0.0027548209366391185,2,1,363,,,,,,,,
PR,2020-03-23,0,0,2,0,0,2,1,2,363,2,90,1,6,2,,0,,0,,0,,0,,0,,0,,0,,0,,0,,0,,0,,0,0.4225352112676056,1,90,213,0.05555555555555555,1,5,90,0.01652892561983471,2,6,363,,,,,,,,
PR,2020-03-22,0,0,1,0,0,1,0,1,213,1,82,1,1,1,,0,,0,,0,,0,,0,,0,,0,,0,,0,,0,,0,,0,0.38497652582159625,1,82,213,0.012195121951219513,1,1,82,0.004694835680751174,1,1,213,,,,,,,,
PR,2020-03-21,0,0,1,0,0,1,0,1,213,1,83,1,1,1,,0,,0,,0,,0,,0,,0,,0,,0,,0,,0,,0,,0,0.38967136150234744,1,83,213,0.012048192771084338,1,1,83,0.004694835680751174,1,1,213,,,,,,,,
PR,2020-03-20,0,0,1,0,0,1,0,1,213,1,96,1,0,1,,0,,0,,0,,0,,0,,0,,0,,0,,0,,0,,0,,0,0.4507042253521127,1,96,213,0.0,1,0,96,0.0,1,0,213,,,,,,,,
PR,2020-03-19,0,0,1,0,0,1,0,1,213,1,105,1,1,1,,0,,0,,0,,0,,0,,0,,0,,0,,0,,0,,0,,0,0.49295774647887325,1,105,213,0.009523809523809525,1,1,105,0.004694835680751174,1,1,213,,,,,,,,
PR,2020-03-18,0,0,1,0,0,1,1,1,213,1,125,1,0,1,,0,,0,,0,,0,,0,,0,,0,,0,,0,,0,,0,,0,0.5868544600938967,1,125,213,0.0,1,0,125,0.0,1,0,213,,,,,,,,
PR,2020-03-17,0,0,1,0,0,1,0,1,213,1,127,1,0,1,,0,,0,,0,,0,,0,,0,,0,,0,,0,,0,,0,,0,0.596244131455399,1,127,213,0.0,1,0,127,0.0,1,0,213,,,,,,,,
PR,2020-03-16,0,0,1,0,0,1,0,1,213,1,129,1,2,1,,0,,0,,0,,0,,0,,0,,0,,0,,0,,0,,0,,0,0.6056338028169014,1,129,213,0.015503875968992248,1,2,129,0.009389671361502348,1,2,213,,,,,,,,
PR,2020-03-15,0,0,1,0,0,1,0,1,213,1,125,1,2,1,,0,,0,,0,,0,,0,,0,,0,,0,,0,,0,,0,,0,0.5868544600938967,1,125,213,0.016,1,2,125,0.009389671361502348,1,2,213,,,,,,,,
PR,2020-03-14,0,0,1,0,0,1,0,1,213,1,120,1,1,1,,0,,0,,0,,0,,0,,0,,0,,0,,0,,0,,0,,0,0.5633802816901409,1,120,213,0.008333333333333333,1,1,120,0.004694835680751174,1,1,213,,,,,,,,
PR,2020-03-13,0,0,1,0,0,1,0,1,213,1,150,1,0,1,,0,,0,,0,,0,,0,,0,,0,,0,,0,,0,,0,,0,0.704225352112676,1,150,213,0.0,1,0,150,0.0,1,0,213,,,,,,,,
PR,2020-03-12,0,0,1,0,0,1,0,1,213,1,142,1,0,1,,0,,0,,0,,0,,0,,0,,0,,0,,0,,0,,0,,0,0.6666666666666666,1,142,213,0.0,1,0,142,0.0,1,0,213,,,,,,,,
PR,2020-03-11,0,0,1,0,0,1,0,1,213,1,167,1,0,1,,0,,0,,0,,0,,0,,0,,0,,0,,0,,0,,0,,0,0.784037558685446,1,167,213,0.0,1,0,167,0.0,1,0,213,,,,,,,,
PR,2020-03-10,0,0,1,0,0,1,0,1,213,1,165,1,0,1,,0,,0,,0,,0,,0,,0,,0,,0,,0,,0,,0,,0,0.7746478873239436,1,165,213,0.0,1,0,165,0.0,1,0,213,,,,,,,,
PR,2020-03-09,0,0,1,0,0,1,0,1,213,1,149,1,0,1,,0,,0,,0,,0,,0,,0,,0,,0,,0,,0,,0,,0,0.6995305164319249,1,149,213,0.0,1,0,149,0.0,1,0,213,,,,,,,,
PR,2020-03-08,0,0,1,0,0,1,0,1,213,1,140,1,0,1,,0,,0,,0,,0,,0,,0,,0,,0,,0,,0,,0,,0,0.6572769953051644,1,140,213,0.0,1,0,140,0.0,1,0,213,,,,,,,,
PR,2020-03-07,0,0,1,0,0,1,0,1,213,1,150,1,0,1,,0,,0,,0,,0,,0,,0,,0,,0,,0,,0,,0,,0,0.704225352112676,1,150,213,0.0,1,0,150,0.0,1,0,213,,,,,,,,
PR,2020-03-06,0,0,1,0,0,1,0,1,213,1,175,1,0,1,,0,,0,,0,,0,,0,,0,,0,,0,,0,,0,,0,,0,0.8215962441314554,1,175,213,0.0,1,0,175,0.0,1,0,213,,,,,,,,
PR,2020-03-05,0,0,1,0,0,1,0,1,213,1,183,1,0,1,,0,,0,,0,,0,,0,,0,,0,,0,,0,,0,,0,,0,0.8591549295774648,1,183,213,0.0,1,0,183,0.0,1,0,213,,,,,,,,
PR,2020-03-04,0,0,1,0,0,1,0,1,213,1,194,1,0,1,,0,,0,,0,,0,,0,,0,,0,,0,,0,,0,,0,,0,0.9107981220657277,1,194,213,0.0,1,0,194,0.0,1,0,213,,,,,,,,
PR,2020-03-03,0,0,1,0,0,1,0,1,213,1,186,1,0,1,,0,,0,,0,,0,,0,,0,,0,,0,,0,,0,,0,,0,0.8732394366197183,1,186,213,0.0,1,0,186,0.0,1,0,213,,,,,,,,
PR,2020-03-02,0,0,1,0,0,1,0,1,213,1,178,1,0,1,,0,,0,,0,,0,,0,,0,,0,,0,,0,,0,,0,,0,0.8356807511737089,1,178,213,0.0,1,0,178,0.0,1,0,213,,,,,,,,
PR,2020-03-01,0,0,1,0,0,1,0,1,213,1,167,1,0,1,,0,,0,,0,,0,,0,,0,,0,,0,,0,,0,,0,,0,0.784037558685446,1,167,213,0.0,1,0,167,0.0,1,0,213,,,,,,,,
PR,2020-11-14,1,0,68,1,0,68,2,67,9367,69,5464,69,570,67,40,67,58,65,0,66,6,64,460,69,79,67,80,67,544,67,432,67,26,67,3,66,678,69,0.583324436852781,69,5464,9367,0.10817992028847978,67,570,5269,0.06267179769103903,67,570,9095,0.1264,67,79,625,0.6784660766961652,69,460,678
PR,2020-11-13,1,0,68,1,0,68,3,67,9368,68,5496,69,587,67,50,68,60,66,0,67,8,66,456,69,77,67,79,68,557,67,435,68,30,67,3,67,675,68,0.5824081981212639,68,5456,9368,0.11081744383613366,67,587,5297,0.06453386103781882,66,587,9096,0.12399355877616747,66,77,621,0.6755555555555556,68,456,675
PR,2020-11-12,6,52,11,6,52,11,2,67,9302,68,5508,68,597,67,44,68,62,67,1,67,16,67,473,68,76,67,76,68,554,67,407,68,43,67,6,67,683,68,0.5921307245753601,68,5508,9302,0.11230248306997742,66,597,5316,0.06611295681063123,66,597,9030,0.12082670906200318,66,76,629,0.6925329428989752,68,473,683
PR,2020-11-11,8,51,10,8,51,10,1,66,9361,68,5411,68,594,66,87,65,78,65,1,64,13,65,471,68,72,66,70,66,557,66,415,66,37,66,8,65,679,68,0.5780365345582736,68,5411,9361,0.11385853939045429,66,594,5217,0.06535372428209923,66,594,9089,0.11483253588516747,66,72,627,0.6936671575846833,68,471,679
PR,2020-11-10,8,49,12,8,49,12,1,66,9302,68,5222,68,568,66,54,65,62,62,6,65,9,63,439,68,75,66,69,64,538,66,372,65,30,66,7,63,682,68,0.5613846484626962,68,5222,9302,0.11296738265712013,66,568,5028,0.0629014396456257,66,568,9030,0.11904761904761904,66,75,630,0.6436950146627566,68,439,682
PR,2020-11-09,8,45,16,8,45,16,4,66,9213,68,5217,68,555,66,91,64,71,63,2,63,3,63,432,68,70,66,65,65,518,66,363,65,37,66,11,64,684,68,0.5662650602409639,68,5217,9213,0.11053574985062736,66,555,5021,0.062122229684351916,66,555,8934,0.1111111111111111,66,70,630,0.631578947368421,68,432,684
PR,2020-11-08,8,49,12,8,49,12,3,66,9196,68,5296,68,534,66,99,64,66,63,2,63,15,63,447,68,65,66,65,64,498,66,365,65,36,66,9,63,695,68,0.5759025663331884,68,5296,9196,0.10466483731869855,66,534,5102,0.05982522966614385,66,534,8926,0.10140405616224649,66,65,641,0.6431654676258993,68,447,695
PR,2020-11-07,8,49,12,8,49,12,1,66,9333,67,5380,67,542,66,114,64,71,63,0,63,8,63,425,67,69,66,69,65,513,66,370,65,29,66,8,64,682,67,0.5764491588985321,67,5380,9333,0.10467361915797606,65,542,5178,0.059816797262995255,65,542,9061,0.10987261146496816,65,69,628,0.6231671554252199,67,425,682
PR,2020-11-06,8,49,12,8,49,12,1,65,9204,67,5227,67,533,65,91,65,74,62,0,64,6,62,437,68,68,65,65,65,504,65,322,65,29,65,6,64,681,68,0.5679052585832247,67,5227,9204,0.10640846476342583,64,533,5009,0.06001576399054161,64,533,8881,0.10914927768860354,65,68,623,0.6417033773861968,68,437,681
PR,2020-11-05,8,48,13,8,48,13,1,65,9329,68,5233,68,500,65,86,63,76,61,5,61,9,62,438,68,60,65,62,63,458,65,369,63,42,65,7,62,688,68,0.5609390073962911,68,5233,9329,0.09966115208291808,65,500,5017,0.05550621669626998,65,500,9008,0.09538950715421304,65,60,629,0.6366279069767442,68,438,688
PR,2020-11-04,8,48,13,8,48,13,1,66,9187,67,5132,67,539,66,74,63,94,60,5,63,12,62,452,67,60,66,65,64,496,66,349,64,43,66,8,63,675,67,0.5586154348535974,67,5132,9187,0.10895492217505559,65,539,4947,0.06043956043956044,65,539,8918,0.096,65,60,625,0.6696296296296296,67,452,675
PR,2020-11-03,8,44,17,8,44,17,2,63,8970,67,4806,67,505,68,12,64,51,62,1,63,14,62,436,67,63,68,48,63,458,68,357,64,47,68,8,62,681,67,0.5357859531772575,67,4806,8970,0.10755441741357234,66,504,4686,0.05738358191961744,66,504,8783,0.09692307692307692,66,63,650,0.6402349486049926,67,436,681
PR,2020-11-02,8,46,15,8,46,15,2,66,9320,68,5153,68,518,66,72,56,61,57,0,58,11,55,441,68,68,66,42,59,487,66,315,59,31,66,6,58,685,68,0.5528969957081545,68,5153,9320,0.10473109583501819,66,518,4946,0.05729454706337794,66,518,9041,0.10742496050552923,66,68,633,0.6437956204379562,68,441,685
PR,2020-11-01,8,44,17,8,45,16,1,66,9201,68,5157,68,499,66,92,62,77,61,0,64,6,64,423,68,61,66,44,65,475,66,340,65,24,66,7,64,666,68,0.5604825562438865,68,5157,9201,0.10028135048231511,66,499,4976,0.05587905935050392,66,499,8930,0.0993485342019544,66,61,614,0.6351351351351351,68,423,666
PR,2020-10-31,8,46,15,8,46,15,1,64,9304,67,5394,67,499,65,76,63,84,60,0,62,6,60,438,67,60,65,55,63,473,65,338,63,26,65,8,62,669,67,0.5797506448839209,67,5394,9304,0.09568552253116011,65,499,5215,0.05524189084468062,65,499,9033,0.09724473257698542,65,60,617,0.6547085201793722,67,438,669
PR,2020-10-30,8,47,14,8,47,14,2,65,9408,68,5577,68,531,65,105,64,117,61,1,63,9,59,459,68,58,65,56,64,489,65,348,64,42,65,8,63,668,68,0.5927933673469388,68,5577,9408,0.10007538635506973,65,531,5306,0.058914900698990344,65,531,9013,0.09492635024549918,65,58,611,0.687125748502994,68,459,668
PR,2020-10-29,8,46,15,8,46,15,1,67,9264,68,5420,68,500,67,128,68,68,67,0,67,11,67,465,68,60,67,56,68,457,67,325,68,43,67,5,67,672,68,0.5850604490500864,68,5420,9264,0.094553706505295,67,500,5288,0.055084278946788585,67,500,9077,0.093603744149766,67,60,641,0.6919642857142857,68,465,672
PR,2020-10-28,8,42,19,8,42,19,2,68,9315,69,5342,69,505,68,108,69,102,68,0,68,14,68,484,69,57,68,53,69,468,68,302,69,37,68,3,68,689,69,0.5734836285560924,69,5342,9315,0.09691038188447515,68,505,5211,0.05532427695004382,68,505,9128,0.08662613981762918,68,57,658,0.7024673439767779,69,484,689
PR,2020-10-27,7,39,23,7,39,23,1,68,9205,69,5146,69,468,68,33,69,97,68,3,68,14,68,483,69,56,68,42,69,430,68,292,69,38,68,4,68,677,69,0.5590439978272678,69,5146,9205,0.09330143540669857,68,468,5016,0.05189620758483034,68,468,9018,0.08668730650154799,68,56,646,0.7134416543574594,69,483,677
PR,2020-10-26,9,51,7,9,51,7,3,66,9543,67,5311,67,427,66,16,67,54,66,0,66,8,66,478,67,55,66,50,67,389,66,269,67,38,66,8,66,673,67,0.5565335848265744,67,5311,9543,0.0823053199691596,66,427,5188,0.04563916203505772,66,427,9356,0.08566978193146417,66,55,642,0.7102526002971769,67,478,673
PR,2020-10-25,9,50,8,9,50,8,2,66,9660,67,5394,67,442,66,10,67,50,66,0,66,14,66,474,67,57,66,43,67,396,66,236,67,46,66,4,66,679,67,0.5583850931677019,67,5394,9660,0.08377558756633814,66,442,5276,0.04665892536683205,66,442,9473,0.08796296296296297,66,57,648,0.6980854197349042,67,474,679
PR,2020-10-24,9,50,8,9,50,8,2,66,9795,67,5677,67,470,66,30,67,85,66,0,66,15,66,496,67,57,66,35,67,424,66,302,67,46,66,6,66,675,67,0.5795814190913732,67,5677,9795,0.08468468468468468,66,470,5550,0.048917568692756035,66,470,9608,0.08850931677018634,66,57,644,0.7348148148148148,67,496,675
PR,2020-10-23,9,51,7,9,51,7,1,66,9824,67,5753,67,447,66,23,67,116,66,0,66,7,66,468,67,48,66,44,67,414,66,271,67,33,66,7,66,670,67,0.58560667752443,67,5753,9824,0.07960819234194123,66,447,5615,0.04638372937636194,66,447,9637,0.07511737089201878,66,48,639,0.6985074626865672,67,468,670
PR,2020-10-22,9,51,7,9,51,7,2,66,9869,67,5769,67,467,66,19,67,112,66,0,66,7,66,465,67,50,66,48,67,428,66,289,67,39,66,8,66,668,67,0.5845577059479177,67,5769,9869,0.0828014184397163,66,467,5640,0.04823383598430076,66,467,9682,0.07849293563579278,66,50,637,0.6961077844311377,67,465,668
PR,2020-10-21,8,50,9,8,50,9,1,66,9736,67,5595,67,447,66,21,67,110,66,0,66,9,66,477,67,59,66,62,67,408,66,290,67,39,66,9,66,668,67,0.5746713229252259,67,5595,9736,0.08180819912152269,66,447,5464,0.04680628272251309,66,447,9550,0.09262166405023547,66,59,637,0.7140718562874252,67,477,668
PR,2020-10-20,9,51,7,9,51,7,0,66,9746,67,5398,67,452,66,26,67,91,66,0,66,11,66,474,67,58,66,54,67,408,66,287,67,44,66,11,66,675,67,0.55386825364252,67,5398,9746,0.08588257647729432,66,452,5263,0.047280334728033474,66,452,9560,0.09006211180124224,66,58,644,0.7022222222222222,67,474,675
PR,2020-10-19,9,51,7,9,51,7,0,66,9620,67,5377,67,404,66,18,67,71,66,0,66,9,66,480,67,61,66,45,67,353,66,226,67,51,66,11,66,678,67,0.5589397089397089,67,5377,9620,0.07699637888317133,66,404,5247,0.04281475201356507,66,404,9436,0.09428129829984544,66,61,647,0.7079646017699115,67,480,678
PR,2020-10-18,9,50,8,9,50,8,0,66,9544,67,5419,67,333,66,14,67,47,66,1,66,14,66,470,67,56,66,43,67,293,66,154,67,40,66,14,66,675,67,0.56779128248114,67,5419,9544,0.06283018867924528,66,333,5300,0.035576923076923075,66,333,9360,0.08695652173913043,66,56,644,0.6962962962962963,67,470,675
PR,2020-10-17,9,51,7,9,51,7,0,66,9722,67,5603,67,353,66,14,67,50,66,0,66,18,66,468,67,54,66,48,67,305,66,195,67,48,66,15,66,665,67,0.5763217444970171,67,5603,9722,0.06431043905993805,66,353,5489,0.037009855315579786,66,353,9538,0.08517350157728706,66,54,634,0.7037593984962406,67,468,665
PR,2020-10-16,9,51,7,9,51,7,0,66,9750,67,5539,67,381,66,20,67,80,66,0,66,20,66,493,67,62,66,42,67,321,66,189,67,60,66,11,66,677,67,0.5681025641025641,67,5539,9750,0.07039911308203992,66,381,5412,0.03982855948149697,66,381,9566,0.09597523219814241,66,62,646,0.7282127031019202,67,493,677
PR,2020-10-15,9,51,7,9,51,7,1,66,9748,67,5542,67,399,66,17,67,60,66,0,66,21,66,473,67,60,66,50,67,347,66,219,67,52,66,11,66,672,67,0.5685268773081658,67,5542,9748,0.07364341085271318,66,399,5418,0.041723308585172016,66,399,9563,0.093603744149766,66,60,641,0.7038690476190477,67,473,672
PR,2020-10-14,9,51,7,9,51,7,0,66,9743,67,5367,67,384,66,21,67,56,66,3,66,16,66,470,67,51,66,45,67,349,66,202,67,35,66,10,66,671,67,0.55085702555681,67,5367,9743,0.07314285714285715,66,384,5250,0.0401673640167364,66,384,9560,0.0796875,66,51,640,0.7004470938897168,67,470,671
PR,2020-10-13,8,50,9,8,50,9,1,66,9695,67,5239,67,336,66,13,67,60,66,1,66,9,66,466,67,52,66,46,67,304,66,207,67,32,66,6,66,678,67,0.5403816400206292,67,5239,9695,0.06565064478311841,66,336,5118,0.03533123028391167,66,336,9510,0.080370942812983,66,52,647,0.6873156342182891,67,466,678
PR,2020-10-12,9,51,7,9,51,7,1,66,9720,67,5219,67,350,66,17,67,54,66,0,66,14,66,465,67,52,66,40,67,320,66,209,67,30,66,5,66,668,67,0.5369341563786009,67,5219,9720,0.06861399725544011,66,350,5101,0.03670686942842161,66,350,9535,0.08163265306122448,66,52,637,0.6961077844311377,67,465,668
PR,2020-10-11,9,51,7,9,51,7,1,65,9609,67,5390,67,355,66,27,66,85,66,0,66,20,66,459,67,49,66,41,67,325,66,193,67,30,66,8,66,664,67,0.5609324591528775,67,5390,9609,0.06726032588101553,66,355,5278,0.037669779286926997,66,355,9424,0.07740916271721959,66,49,633,0.6912650602409639,67,459,664
PR,2020-10-10,8,50,9,8,50,9,1,66,9754,67,5535,67,368,66,17,67,50,66,0,66,19,66,471,67,53,66,47,67,336,66,206,67,32,66,8,66,692,67,0.5674595037933156,67,5535,9754,0.06802218114602587,66,368,5410,0.03845751907200334,66,368,9569,0.08018154311649017,66,53,661,0.680635838150289,67,471,692
PR,2020-10-09,9,51,7,9,51,7,1,66,9727,67,5614,67,374,66,20,67,84,66,0,66,29,66,444,67,54,66,50,67,339,66,212,67,35,66,6,66,676,67,0.5771563688701552,67,5614,9727,0.06838544523678917,66,374,5469,0.03919513728778034,66,374,9542,0.08372093023255814,66,54,645,0.6568047337278107,67,444,676
PR,2020-10-08,11,50,6,12,48,7,13,65,8565,65,5186,66,656,66,62,67,79,66,0,65,13,66,450,65,64,61,49,61,492,65,239,65,25,65,7,64,620,62,0.5826036193812025,65,4990,8565,0.12941643509329098,65,652,5038,0.07721685165294188,64,647,8379,0.09897610921501707,59,58,586,0.7096774193548387,62,440,620
PR,2020-10-07,11,49,7,12,47,8,12,65,8603,65,5156,66,652,66,55,67,76,66,0,65,10,66,451,65,66,63,48,63,484,66,244,66,24,66,6,65,628,63,0.5771242589794258,65,4965,8603,0.1290579565823541,65,648,5021,0.07651182131400737,64,644,8417,0.1026936026936027,61,61,594,0.7085987261146497,63,445,628
PR,2020-10-06,9,51,7,9,51,7,3,66,9588,67,5239,67,344,66,17,67,68,66,0,66,14,66,451,67,60,66,47,67,319,66,233,67,25,66,7,66,669,67,0.5464121818940342,67,5239,9588,0.06757022196032214,66,344,5091,0.03658796000850883,66,344,9402,0.09404388714733543,66,60,638,0.6741405082212257,67,451,669
PR,2020-10-05,9,50,8,9,50,8,1,66,9820,67,5319,67,344,66,41,67,47,66,1,66,21,66,447,67,55,66,42,67,303,66,211,67,41,66,10,66,678,67,0.5416496945010183,67,5319,9820,0.06628131021194605,66,344,5190,0.03570316554229372,66,344,9635,0.08500772797527048,66,55,647,0.6592920353982301,67,447,678
PR,2020-10-04,8,49,10,8,49,10,1,66,9520,67,5209,67,344,66,39,67,52,66,2,66,14,66,456,67,48,66,36,67,301,66,211,67,43,66,9,66,685,67,0.5471638655462185,67,5209,9520,0.06753042795445623,66,344,5094,0.03685451039211485,66,344,9334,0.07339449541284404,66,48,654,0.6656934306569343,67,456,685
PR,2020-10-03,9,50,8,9,50,8,1,66,9810,67,5578,67,371,66,23,67,81,66,0,66,13,66,459,67,56,66,42,67,329,66,214,67,42,66,7,66,675,67,0.5686034658511723,67,5578,9810,0.06793627540743453,66,371,5461,0.03854945968412302,66,371,9624,0.08695652173913043,66,56,644,0.68,67,459,675
PR,2020-10-02,9,50,8,9,50,8,1,66,9804,67,5669,67,363,66,27,67,80,66,1,66,7,66,463,67,58,66,45,67,320,66,226,67,43,66,11,66,679,67,0.5782333741330069,67,5669,9804,0.06539362277067196,66,363,5551,0.03773781058322071,66,363,9619,0.08950617283950617,66,58,648,0.6818851251840943,67,463,679
PR,2020-10-01,9,51,7,9,51,7,0,66,9813,67,5655,67,336,66,23,67,77,66,1,66,19,66,473,67,58,66,46,67,289,66,212,67,47,66,11,66,676,67,0.576276368083155,67,5655,9813,0.06073752711496746,66,336,5532,0.03489821354383049,66,336,9628,0.08992248062015504,66,58,645,0.6997041420118343,67,473,676
PR,2020-09-30,9,49,9,9,49,9,3,66,9994,67,5540,67,342,66,26,67,90,66,1,66,10,66,461,67,61,66,47,67,302,66,215,67,40,66,11,66,669,67,0.5543325995597358,67,5540,9994,0.06313457633376407,66,342,5417,0.034865939443368334,66,342,9809,0.09561128526645768,66,61,638,0.6890881913303438,67,461,669
PR,2020-09-29,10,50,8,10,50,8,2,67,9778,68,5354,68,371,67,23,68,63,67,0,67,8,67,472,68,67,67,51,68,330,67,216,68,41,67,10,67,679,68,0.5475557373696053,68,5354,9778,0.07092334161728159,67,371,5231,0.03867403314917127,67,371,9593,0.10339506172839506,67,67,648,0.695139911634757,68,472,679
PR,2020-09-28,10,50,8,10,50,8,3,67,9784,68,5382,68,358,67,20,68,75,67,1,67,13,67,472,68,68,67,54,68,320,67,217,68,38,67,6,67,680,68,0.5500817661488144,68,5382,9784,0.06795747911921032,67,358,5268,0.03729555161996041,67,358,9599,0.10477657935285054,67,68,649,0.6941176470588235,68,472,680
PR,2020-09-27,10,50,8,10,50,8,2,67,9833,68,5495,68,365,67,20,68,59,67,1,67,17,67,472,68,64,67,55,68,333,67,211,68,32,67,3,67,679,68,0.5588325027967049,68,5495,9833,0.06774313288789903,67,365,5388,0.037827754171416726,67,365,9649,0.09876543209876543,67,64,648,0.695139911634757,68,472,679
PR,2020-09-26,10,50,8,10,50,8,3,67,10014,68,5818,68,358,67,22,68,93,67,0,67,18,67,468,68,58,67,55,68,329,67,233,68,29,67,2,67,673,68,0.5809866187337727,68,5818,10014,0.06268604447557345,67,358,5711,0.03641912512716175,67,358,9830,0.09034267912772585,67,58,642,0.6953937592867756,68,468,673
PR,2020-09-25,10,50,8,10,50,8,3,67,9848,68,5678,68,393,67,17,68,100,66,1,67,12,67,510,68,66,67,52,68,364,67,237,68,29,67,5,67,732,68,0.5765637692932575,68,5678,9848,0.07056922248159454,67,393,5569,0.040666390728476824,67,393,9664,0.09415121255349501,67,66,701,0.6967213114754098,68,510,732
PR,2020-09-24,9,50,8,9,50,8,3,66,9825,67,5633,67,382,66,23,67,91,66,2,66,18,66,511,67,64,66,55,67,352,66,266,67,30,66,5,66,721,67,0.5733333333333334,67,5633,9825,0.06925308194343727,66,382,5516,0.03961422793736389,66,382,9643,0.0927536231884058,66,64,690,0.7087378640776699,67,511,721
PR,2020-09-23,9,50,8,9,50,8,3,66,9807,67,5545,67,392,66,29,67,100,66,2,66,12,66,493,67,62,66,56,67,361,66,275,67,31,66,5,66,720,67,0.565412460487407,67,5545,9807,0.0722847132583441,66,392,5423,0.040731504571903575,66,392,9624,0.0899854862119013,66,62,689,0.6847222222222222,67,493,720
PR,2020-09-22,9,50,8,10,49,8,2,66,9683,67,5331,67,383,66,24,67,86,66,2,66,9,66,481,67,62,66,50,67,351,66,281,67,32,66,5,66,732,67,0.5505525147165135,67,5331,9683,0.07348426707597851,66,383,5212,0.04031578947368421,66,383,9500,0.0884450784593438,66,62,701,0.657103825136612,67,481,732
PR,2020-09-21,9,50,8,11,48,8,4,66,9757,67,5357,67,405,66,35,67,68,66,5,66,12,66,488,67,62,66,51,67,374,66,284,67,31,66,5,66,741,67,0.5490417136414881,67,5357,9757,0.07717225609756098,66,405,5248,0.04230206810110716,66,405,9574,0.08732394366197183,66,62,710,0.6585695006747638,67,488,741
PR,2020-09-20,9,50,8,10,49,8,5,66,9728,67,5319,67,400,66,15,67,48,65,5,66,12,66,486,67,63,66,53,67,363,66,265,67,37,66,6,66,723,67,0.5467722039473685,67,5319,9728,0.07673124880107424,66,400,5213,0.041906757464641176,66,400,9545,0.09104046242774566,66,63,692,0.6721991701244814,67,486,723
PR,2020-09-19,9,50,8,10,49,8,5,66,9908,67,5642,67,425,66,21,67,97,66,4,66,25,66,504,67,60,66,51,67,376,66,258,67,49,66,6,66,726,67,0.5694388373031893,67,5642,9908,0.07681185613591181,66,425,5533,0.043701799485861184,66,425,9725,0.08633093525179857,66,60,695,0.6942148760330579,67,504,726
PR,2020-09-18,9,50,8,10,49,8,5,66,9785,67,5599,67,456,66,15,67,90,66,4,66,21,66,502,67,69,66,55,67,408,66,261,67,48,66,6,66,738,67,0.5722023505365356,67,5599,9785,0.08307524139187465,66,456,5489,0.04749010622786919,66,456,9602,0.09759547383309759,66,69,707,0.6802168021680217,67,502,738
PR,2020-09-17,9,50,8,10,49,8,5,66,9841,67,5576,67,461,66,24,67,112,66,1,66,18,66,487,67,67,66,48,67,410,66,252,67,51,66,5,66,730,67,0.5666090844426379,67,5576,9841,0.08423168280650466,66,461,5473,0.04773244978256368,66,461,9658,0.09585121602288985,66,67,699,0.6671232876712329,67,487,730
PR,2020-09-16,9,50,8,9,50,8,5,66,9752,67,5296,67,449,66,16,67,115,66,5,66,25,66,491,67,67,66,47,67,402,66,243,67,47,66,5,66,734,67,0.5430680885972108,67,5296,9752,0.08642925890279114,66,449,5195,0.046922353432960605,66,449,9569,0.0953058321479374,66,67,703,0.6689373297002725,67,491,734
PR,2020-09-15,9,50,8,9,50,8,5,66,9754,67,5169,67,422,66,26,67,96,66,2,66,17,66,463,67,64,66,40,67,385,66,218,67,37,66,8,66,720,67,0.5299364363338118,67,5169,9754,0.08331688055281343,66,422,5065,0.04409152648626058,66,422,9571,0.09288824383164006,66,64,689,0.6430555555555556,67,463,720
PR,2020-09-14,9,50,8,9,50,8,4,66,9671,67,5088,67,428,66,26,67,73,66,0,66,12,66,464,67,62,66,42,67,392,66,224,67,36,66,4,66,722,67,0.5261089856271327,67,5088,9671,0.08587479935794542,66,428,4984,0.0451191229179844,66,428,9486,0.08972503617945007,66,62,691,0.6426592797783933,67,464,722
PR,2020-09-13,9,50,8,9,50,8,3,66,9582,67,5190,67,408,66,29,67,93,66,0,66,18,66,477,67,66,66,47,67,373,66,221,67,35,66,3,66,729,67,0.5416405760801503,67,5190,9582,0.08018867924528301,66,408,5088,0.043418112163456424,66,408,9397,0.09455587392550144,66,66,698,0.654320987654321,67,477,729
PR,2020-01-05,0,0,1,0,0,1,0,1,146,1,61,1,0,1,,0,,0,,0,,0,,0,,0,,0,,0,,0,,0,,0,,0,0.4178082191780822,1,61,146,0.0,1,0,61,0.0,1,0,146,,,,,,,,
PR,2020-01-04,0,0,1,0,0,1,0,1,146,1,61,1,0,1,,0,,0,,0,,0,,0,,0,,0,,0,,0,,0,,0,,0,0.4178082191780822,1,61,146,0.0,1,0,61,0.0,1,0,146,,,,,,,,
PR,2020-01-03,0,0,1,0,0,1,0,1,146,1,61,1,0,1,,0,,0,,0,,0,,0,,0,,0,,0,,0,,0,,0,,0,0.4178082191780822,1,61,146,0.0,1,0,61,0.0,1,0,146,,,,,,,,
PR,2020-01-02,0,0,1,0,0,1,0,1,146,1,61,1,0,1,,0,,0,,0,,0,,0,,0,,0,,0,,0,,0,,0,,0,0.4178082191780822,1,61,146,0.0,1,0,61,0.0,1,0,146,,,,,,,,
PR,2020-01-01,0,0,1,0,0,1,0,1,146,1,61,1,0,1,,0,,0,,0,,0,,0,,0,,0,,0,,0,,0,,0,,0,0.4178082191780822,1,61,146,0.0,1,0,61,0.0,1,0,146,,,,,,,,
